#{"t_start": 1744471136.776834, "env_id": "LunarLander-v2"}
r,l,t
-114.788133,72,3.970201
-165.055475,96,4.210875
-159.356918,94,4.44889
-224.373345,110,4.68306
-258.096903,121,4.952469
-91.106535,114,5.203608
-254.462995,108,5.483666
-161.969211,112,5.743009
-337.598572,107,5.988749
-78.990942,63,6.139321
-197.095836,84,6.305629
-180.982016,71,6.467893
-72.503068,88,6.649964
-128.467318,58,6.786088
-72.682719,71,6.954268
-250.602751,120,7.241445
-389.30273,93,7.464957
-128.623667,87,7.683261
-86.752562,106,7.953297
-203.865926,77,8.138074
-286.981732,119,8.465677
-114.38955,95,11.768348
29.2539,576,13.324703
-319.844425,101,13.582366
-51.88191,71,13.758
-392.354523,119,14.074603
-68.387919,79,14.258329
-91.512026,95,14.499507
-357.357516,86,14.737815
-88.451892,90,14.965729
-117.256802,108,15.294594
-120.283379,83,15.519755
-298.764047,101,15.775651
80.113631,1000,21.406595
-55.02456,125,21.667647
-216.598295,75,21.852047
-303.867531,95,22.057031
-160.220046,56,22.175376
-39.099282,79,22.327233
-361.271466,107,22.551024
-314.266743,121,22.815171
-266.466239,89,23.06483
-384.088978,109,23.456841
-363.285556,83,23.68046
-114.136271,67,23.852677
-381.95373,106,24.10857
-184.204768,69,24.258581
-253.160335,81,24.526597
-289.852047,103,24.822464
-217.14747,115,25.313622
-367.988293,96,28.37342
-80.104844,67,28.557353
-231.933622,83,28.752214
-262.016063,91,28.996202
-88.906532,114,29.306643
-20.321821,77,29.496261
-94.920606,66,29.659689
-189.401822,135,29.984496
-86.946049,67,30.195469
-124.550334,90,30.404347
-124.330843,87,30.606668
-130.559621,113,30.884773
-123.593574,81,31.080339
-203.433787,109,31.435299
-23.380782,133,31.960122
-211.308083,107,32.238484
-343.773814,114,32.530702
-190.901301,104,32.768108
-204.19632,97,32.992339
-164.003628,77,33.219678
-267.891433,132,33.62069
-84.348193,85,33.823801
-89.947074,103,36.515854
-15.259929,95,36.743565
-308.956698,87,36.929529
-386.829177,100,37.14776
-100.917239,109,37.392464
-55.276754,97,37.622697
-102.404291,62,37.773503
-74.222894,66,37.912228
-111.872205,97,38.150472
-296.618814,65,38.306617
-156.262563,121,38.610812
-42.068053,111,38.91348
-62.138913,69,39.111955
-268.215682,127,39.518695
-197.297966,117,39.868658
-99.33322,77,40.073315
-106.425994,108,40.37521
-166.964819,78,40.586592
-145.986096,88,40.791154
-113.638502,118,41.031724
-144.147266,102,41.229965
-161.456865,106,43.698343
-162.979469,125,43.965403
-113.902263,98,44.194498
-225.182346,114,44.480718
-132.969651,107,44.73261
-206.379819,124,45.054511
-85.114185,88,45.282573
-150.891588,101,45.610667
-161.126638,104,45.944374
-97.875612,121,46.263322
-99.881569,75,46.450531
-124.773196,79,46.661701
-107.938967,75,46.856345
-226.366749,147,47.24572
-124.471878,120,47.613626
-73.980091,60,47.771533
-70.431725,70,47.975351
-149.31916,127,48.30973
-42.657537,77,48.496798
-118.444043,81,48.679607
-276.879693,103,48.930959
-111.310049,77,51.532131
-229.82266,95,51.741187
-115.390834,104,51.955627
-446.070476,109,52.209375
-67.569446,93,52.441753
-85.696418,97,52.668576
-126.377916,108,52.913825
-95.604135,107,53.165001
-187.381744,126,53.471955
-68.976216,71,53.636901
-42.083572,69,53.803295
-234.177931,102,54.050007
-42.447233,68,54.210699
-64.811095,107,54.473564
-204.306818,141,54.821069
-190.2256,93,55.041038
-117.217284,103,55.38115
-89.519836,110,55.756762
-335.325105,94,56.061391
-121.003142,106,56.336951
-88.598467,114,58.990427
-236.80168,106,59.246235
5.78745,83,59.439099
-133.493673,98,59.671818
-62.418327,116,59.982676
-106.98142,109,60.281596
-67.688386,98,60.596707
-166.539776,103,60.892047
-109.528992,75,61.090486
-208.887199,113,61.41354
-121.486412,90,61.79845
-196.351105,114,62.281751
-47.143146,122,62.563853
-109.816679,92,62.788872
-198.711693,88,63.045199
-116.170632,92,63.376234
-117.727862,120,63.717001
-69.661964,59,63.875175
-191.282434,118,64.220699
-204.064625,92,64.43371
-85.303832,91,64.667634
-105.860026,101,67.510936
-263.792723,131,67.886703
-36.729059,136,68.197134
-37.318512,89,68.40523
-86.316459,88,68.618921
-117.190565,91,68.835217
44.875221,124,69.173404
-52.645392,88,69.429753
-63.797722,73,69.684231
-91.893581,88,69.917635
-94.270936,135,70.218502
-91.734565,90,70.422467
-46.873248,134,70.770476
-86.038284,74,70.988744
-149.041607,62,71.135592
-162.630849,84,71.361432
-37.486257,78,71.633533
-158.774144,136,72.159797
-120.308232,95,72.441683
-152.431673,123,72.761319
-217.297207,121,75.720107
-54.428978,99,75.934023
-48.720068,134,76.249726
-31.344507,145,76.62561
-68.668598,67,76.824081
-79.335178,135,77.241286
-76.471364,165,77.63237
-106.765403,80,77.858723
-87.09817,128,78.264958
-104.329438,81,78.486242
-64.674341,88,78.742425
-84.553019,88,78.958695
-16.358498,88,79.204565
-84.290628,89,79.480183
-43.012853,98,79.810394
-49.334795,136,80.194957
-122.056836,137,80.549762
-47.206087,74,80.705851
-111.063793,118,80.970808
-50.444258,76,83.849587
-215.867147,142,84.253375
-85.397591,117,84.590189
-228.766361,127,84.927901
-79.476307,154,85.38463
-117.726956,101,85.626153
-143.610131,151,85.990092
-49.305567,127,86.420916
-41.642536,112,86.729653
-169.128778,99,86.962576
-73.208195,123,87.289061
-67.635115,77,87.521866
-3.312613,97,87.86331
-224.559224,130,88.226895
-77.69681,105,88.513625
-86.481342,161,88.905368
-22.484512,85,89.121025
-72.229088,184,92.186628
-172.470946,110,92.518723
-107.445263,190,93.040519
-162.659612,156,93.46011
-127.169279,160,93.980114
-28.110759,171,94.439172
-94.486649,169,94.931651
-135.247798,171,95.504779
-201.872919,143,96.010402
-63.735235,113,96.347673
-186.933363,115,96.655547
30.08246,129,96.949367
-67.741986,102,97.183664
-42.827345,1000,102.578051
-237.14587,168,102.97262
-106.030855,226,103.652685
-266.78907,192,104.203199
-18.296322,1000,109.636755
-27.844263,112,109.96979
-90.241367,134,110.324156
10.075982,157,110.7096
42.109568,112,110.976637
-41.988283,198,111.671814
-19.689579,1000,114.271739
-254.854876,231,117.350561
17.177875,282,118.221055
-110.089369,155,118.584658
-59.309477,204,119.166468
-149.611655,122,119.515031
6.379686,143,119.964049
-39.863253,153,120.367726
-27.250378,138,120.755416
-32.39408,200,121.257645
-48.930684,145,121.596689
-340.8132,239,122.206913
-182.514329,143,125.285517
-11.958347,188,125.779013
-51.981909,153,126.113809
-164.771954,135,126.406863
-95.972061,203,126.981972
-43.841637,152,127.468595
-208.074818,195,128.159472
-109.608633,142,128.65283
-79.28859,162,129.068177
-27.718896,192,129.663924
-118.328107,112,130.038305
-84.591443,154,130.481378
14.195356,153,130.91285
23.605811,1000,136.971824
-69.524684,139,137.342837
-142.05927,140,137.725106
-274.945774,253,138.478059
-76.166913,210,139.080408
-49.947691,266,139.922934
-303.029599,121,143.203545
-33.974867,252,143.959667
-318.614811,163,144.409586
-170.647104,129,144.749477
-100.06757,211,145.265225
-257.380423,233,145.855395
-2.781245,169,146.319705
-97.538987,106,146.608417
-218.368769,163,147.078023
-176.066676,397,148.20825
-276.804954,189,151.450008
19.361748,208,152.124968
-207.874182,144,152.584269
-228.176885,745,154.663013
34.531639,171,155.112002
-341.689986,249,155.708486
-126.444406,124,156.004916
-101.314537,196,156.516842
-89.602198,214,159.912947
38.44797,1000,162.724056
-46.446317,171,163.281431
-174.241092,226,163.905485
-100.870581,253,164.648433
18.329792,213,165.272243
-66.82444,228,168.737472
-250.141268,212,169.327644
-45.976002,195,169.852177
-21.442847,233,170.492596
-43.211953,210,171.119497
-109.762206,214,171.675103
41.843192,1000,177.486443
-172.678082,187,178.023652
-27.560602,183,178.451671
-74.670998,150,178.897279
-6.080764,244,179.513768
-32.547629,183,179.995079
-31.850049,109,180.341546
-95.742293,283,181.143659
-89.127775,215,181.735298
-5.759072,265,182.468298
-66.449925,197,185.80829
-0.470858,193,186.283628
-177.256969,185,186.825593
-38.866062,266,187.534896
-149.75811,238,188.211346
-74.088431,188,188.700433
-193.81752,166,189.250841
-81.45994,142,189.600256
-173.567568,248,190.278233
-47.775284,192,190.761856
-5.949151,247,194.304327
-34.558064,298,195.164
-106.748259,213,195.67699
-67.863327,177,196.198081
-54.302888,264,196.968263
26.422212,1000,200.123389
-31.606389,208,203.529497
-154.745172,184,204.122485
-40.2066,147,204.577667
38.317051,1000,207.598511
65.360662,1000,213.407926
-84.930351,245,214.049625
-18.589445,299,214.825931
-29.379046,157,215.406169
-238.939263,304,216.289849
-62.658267,241,216.98713
-29.909448,334,217.806459
-13.182263,1000,223.479163
-69.043847,229,224.178682
-25.807219,246,224.954403
-84.621281,320,225.741799
-65.554474,204,226.358432
-175.379829,303,229.976444
2.14051,186,230.465285
45.541995,1000,233.794281
43.072345,1000,239.528949
-212.676411,480,241.001702
-112.178429,252,241.722785
-46.046656,234,242.54364
-228.185284,187,243.057818
-34.040792,1000,248.879878
-89.706506,276,249.581978
-143.045374,567,251.136008
-156.199594,389,252.198955
-101.880626,307,253.178202
-215.267996,180,256.559368
34.618179,1000,259.445914
-25.245103,334,260.555961
-182.373516,259,261.406983
-136.400255,287,262.425898
18.331897,1000,268.173977
-88.430577,356,269.400522
-177.845848,215,269.93984
-171.39803,314,270.824028
-64.0561,265,274.321867
101.996019,1000,276.894329
-0.252495,266,277.614263
-65.127953,235,278.306249
-40.208545,278,279.065043
-19.538609,349,283.396422
-19.867679,314,284.262507
1.887489,244,285.062214
99.406561,1000,287.87255
-62.715674,219,288.504734
-196.683711,233,291.897539
11.716616,279,292.717948
87.861701,1000,295.53955
-89.398351,360,296.58586
-59.461592,282,299.970135
70.263839,1000,302.841789
107.304906,1000,305.893081
128.916349,1000,314.382601
76.971323,1000,319.182154
92.015686,1000,325.213601
155.009853,1000,328.425575
80.286368,1000,334.545566
24.974631,1000,337.994926
-62.285583,370,342.106337
-105.985254,367,343.16554
44.560362,1000,346.349984
-72.928671,214,347.037525
-166.689992,594,352.491236
-9.468883,1000,356.019061
131.539194,1000,362.088038
25.519352,1000,365.18214
84.960113,1000,371.327958
-40.502094,339,372.449676
-94.887807,636,374.445303
-120.348803,361,375.540139
80.870781,1000,383.242973
-98.01687,447,384.802642
-106.327839,434,386.453277
-126.174307,455,388.098201
21.391811,1000,396.094211
-108.615348,780,398.850803
-87.926467,449,400.395093
85.633507,1000,406.903016
161.82194,718,409.430999
-85.797274,411,414.078918
-113.846611,556,415.816386
76.469798,1000,419.742536
-48.301258,421,421.090084
128.399877,654,426.184141
-78.622289,332,427.320155
-108.167242,650,429.428435
96.584109,1000,435.732917
-68.942744,524,437.343829
-74.743293,492,439.133548
38.612742,1000,445.305438
184.600175,921,448.139219
193.585547,688,453.437773
120.242215,1000,456.606635
180.832547,514,458.08415
162.284899,659,462.906996
-122.180051,308,463.894203
-64.278164,203,464.567649
167.245301,684,466.522603
-74.693309,397,467.773657
216.026265,650,472.967827
239.472427,442,474.332744
-192.152508,385,475.404513
-95.823203,296,476.294634
-85.204853,398,477.462299
-123.084277,350,481.325395
-44.570287,435,482.571924
-30.730353,379,483.790447
-102.288309,368,484.923517
-93.767657,315,485.725585
-87.012134,340,489.717742
134.069997,783,492.092007
164.819887,615,493.848911
138.377078,542,495.5048
173.719602,572,500.43669
186.564436,768,502.924883
118.144613,878,508.538692
140.240257,606,510.450524
-118.966936,383,511.552342
-197.170697,496,513.107543
-39.758773,277,514.024958
-64.80204,273,517.883788
218.954453,614,519.75299
203.02455,455,521.055219
-57.894937,264,521.90678
-89.477657,307,522.715804
-128.89083,267,523.474773
202.202401,534,528.129032
127.620655,831,530.473705
-79.027418,289,531.223161
-57.533626,330,532.4511
-153.316487,668,537.613222
-37.839333,353,538.642988
126.049896,803,540.92925
-35.751734,294,541.760031
186.894616,590,546.44277
-84.805172,1000,549.529036
188.475273,497,550.85354
-114.938963,443,555.004803
188.443304,583,556.851533
-158.347422,955,559.654277
-132.503003,463,564.012662
-119.816172,402,565.08119
-117.557581,511,566.826355
160.404533,499,568.534638
-119.856706,692,573.383695
-60.275487,410,574.520422
-88.263294,406,575.755428
-54.245399,233,576.486161
-85.086866,508,578.008575
-78.240382,401,581.986951
-173.915237,723,584.460783
22.652143,1000,589.987687
151.917475,688,592.094771
193.480425,940,595.093269
-39.728897,737,600.237294
186.403324,555,601.906232
-90.207001,682,603.898112
70.554965,889,609.645928
210.282698,576,611.411001
205.681264,502,612.945208
-67.549283,477,614.350816
83.579641,892,619.856141
186.745277,448,621.247557
-112.281684,459,622.715932
152.411532,737,628.02214
164.513931,505,629.555024
106.351147,731,631.603472
-124.518057,489,636.12978
-62.342482,314,637.079429
106.47006,548,638.717615
-93.525756,403,639.921259
-148.007721,425,641.286151
151.705937,621,646.290659
198.377651,611,648.282629
168.08129,779,650.720154
106.952806,833,656.612545
-75.399821,439,657.963608
-66.649997,462,659.166489
138.243214,559,660.709059
129.90733,815,665.764374
-94.79246,382,666.689315
-50.525319,1000,672.258031
211.60773,560,673.744241
-87.862601,345,674.675886
-200.791388,450,675.894902
196.617082,562,677.650846
-31.767428,388,681.387242
207.508252,493,682.784011
-74.697264,411,683.965689
-90.247618,124,684.338643
-76.071988,315,685.179704
-69.651119,315,686.154302
171.878753,569,691.593319
93.921067,936,695.554241
181.876922,618,701.029387
-36.626323,402,702.235918
-23.194867,626,704.566047
-116.259626,422,705.815195
201.064069,580,711.28101
-56.384169,423,712.937917
-46.695761,227,713.603278
168.178608,741,715.874894
192.166197,546,717.995961
207.299664,520,722.984665
193.619028,515,724.548188
164.12472,591,726.635902
-77.295524,317,727.563918
204.315201,685,733.640376
229.285781,539,735.781489
202.899004,432,737.187988
-72.159515,344,738.335191
173.866674,482,743.812275
168.0867,527,745.473102
-50.261103,245,746.433908
85.46676,720,749.095144
221.362569,594,754.825626
190.188262,549,756.637013
180.760038,553,758.309007
-77.109392,325,759.417057
-68.868727,135,759.90704
-127.688717,544,764.93884
135.185301,549,767.0265
210.896943,489,768.943951
117.047019,854,775.876201
131.192631,438,777.663478
215.90104,428,779.131776
237.858604,515,781.214544
158.790086,824,787.225817
216.029411,556,789.250125
-32.979598,243,790.118268
-139.214256,507,791.956345
191.198748,594,797.868445
204.389809,520,800.08618
100.726018,680,802.62852
249.10269,492,804.386539
-114.222487,505,809.701726
221.885864,499,811.351487
133.096996,570,813.275467
215.281949,452,814.851647
-69.102639,450,819.931608
120.57712,717,822.365842
-99.911165,488,824.437264
172.589436,569,826.458507
144.736508,624,832.090088
-80.505044,483,834.001759
136.919637,461,835.6554
-87.234283,430,837.243649
111.396874,627,842.990431
165.893136,560,844.999316
131.964943,568,847.138085
125.901639,848,853.33188
154.955781,704,855.770518
236.192521,786,858.285956
-61.781072,433,862.886176
163.388524,654,865.046724
-217.040882,765,867.805963
104.819148,661,873.122265
-113.583529,660,875.029515
-79.7733,371,876.323996
-207.82458,696,881.94923
166.929772,510,883.655776
174.240215,540,885.278655
-103.055633,497,886.920116
197.077699,600,892.580474
158.04271,576,894.644883
155.774411,680,897.126889
113.382214,752,903.215103
-102.694482,580,905.334055
134.896785,751,907.997437
-200.538097,597,914.567032
248.385408,493,916.079285
-238.724539,908,919.309805
171.140979,606,921.529081
-25.4039,430,926.524322
-45.774562,230,927.415099
161.370878,725,930.169181
219.956959,543,931.913199
127.37052,686,937.575
268.232698,621,939.851027
-120.752004,543,941.810756
-58.66898,271,942.974189
195.777832,536,947.838711
247.168878,447,949.281229
-105.992764,432,950.891861
-12.326369,412,952.495594
-126.661918,482,957.268969
-43.29005,488,958.69025
140.306679,517,960.647235
201.880231,508,962.368772
-64.70028,382,966.607037
-85.762471,373,967.738633
167.213727,516,969.66293
-101.982604,505,971.36166
189.521159,499,972.902232
166.07791,568,978.030249
-140.351477,483,980.006515
-62.364207,1000,983.677813
-106.642818,416,988.79974
209.99556,565,991.003573
-152.638856,738,993.6327
-54.278241,260,994.390921
-66.849942,189,995.096935
140.565374,547,1000.129363
166.985259,594,1002.218645
111.20697,597,1004.187946
198.313831,494,1009.099793
-80.574545,421,1010.59888
177.503262,524,1012.271648
-58.084195,322,1013.3455
-100.889881,449,1015.093447
165.419723,548,1020.043311
-47.764867,167,1020.676988
178.602853,476,1022.313192
-115.523699,596,1024.569111
191.583579,450,1029.055329
-40.674247,326,1029.989664
-97.72827,491,1031.610052
184.802486,447,1033.262036
210.734624,425,1034.652084
-80.380149,473,1039.413357
157.076044,646,1041.482846
-29.116813,290,1042.306036
148.713237,641,1044.452117
182.898237,443,1048.796592
131.660418,471,1050.629536
215.889692,524,1052.304239
160.725479,430,1053.621455
186.515522,356,1054.594724
-46.761066,241,1058.669718
225.521351,401,1059.875696
-44.370867,427,1061.117753
-79.32508,339,1062.412537
196.549599,601,1064.78921
193.347048,332,1068.865823
-121.780174,564,1070.870342
-72.028227,342,1071.961589
-138.813469,418,1073.557911
206.867752,499,1075.286405
-124.30472,664,1080.891223
168.549475,394,1082.196546
219.877257,387,1083.657427
-112.885199,394,1085.003944
172.148889,549,1090.488923
-20.063442,462,1092.006808
-83.396334,281,1092.916414
237.769303,454,1094.511192
146.598745,396,1095.816992
-57.006773,209,1099.848509
226.791117,451,1101.44143
191.440989,436,1102.893266
246.392797,562,1104.824941
-66.414966,297,1105.755239
211.355047,469,1110.459584
188.520018,549,1112.493273
-66.884835,199,1113.245713
-95.711117,277,1114.09845
-119.62568,441,1115.563503
160.932781,424,1120.096671
-51.892684,499,1121.797896
-70.807201,368,1123.122902
211.339852,440,1124.583683
160.824214,511,1126.034577
221.145573,571,1131.309393
-58.167563,210,1131.945357
214.365328,551,1133.839846
241.819428,379,1135.218186
-95.806277,591,1140.417509
211.113771,444,1142.162957
222.851834,429,1143.760348
-44.247997,381,1145.201961
213.074373,417,1146.666497
-120.627744,362,1151.316296
132.460075,548,1153.357751
-53.430172,401,1154.729287
-79.878363,450,1156.276098
204.229022,356,1157.76851
-42.089992,333,1162.612056
-90.560578,462,1164.384346
-104.767957,414,1166.049337
98.275011,535,1168.028708
182.597207,451,1169.672951
-46.527964,333,1174.470869
205.530749,437,1176.224533
-62.332657,341,1177.476953
188.351497,358,1178.870684
154.64983,660,1181.233803
211.081768,468,1186.136895
-33.237991,222,1187.045899
170.828655,386,1188.31521
187.976597,320,1189.551468
191.394002,479,1191.093647
-43.480865,426,1196.198809
-75.955762,361,1197.326542
-32.920948,297,1198.445139
-69.550277,324,1199.719337
153.841098,552,1201.636478
-33.643049,270,1202.59854
-73.268997,337,1206.673147
178.837226,484,1208.295153
-32.379927,414,1209.7448
-119.010392,385,1210.914897
138.41968,795,1216.969923
-73.371525,339,1217.944116
251.594912,674,1220.196851
-56.749798,358,1221.418883
203.680719,482,1226.197409
-86.141796,408,1227.671345
-37.984252,361,1229.047526
-72.489486,424,1230.590065
-90.06395,390,1231.918392
130.979189,584,1236.895801
-68.168083,422,1238.328505
-68.094906,407,1239.662462
194.385864,437,1241.348119
143.925726,451,1243.032832
185.960074,465,1248.109932
188.550982,466,1249.847133
-106.745558,435,1251.249837
133.614811,673,1253.593896
97.935387,457,1258.986489
-113.262471,463,1260.591593
206.454691,477,1262.345154
-66.20156,397,1264.070955
186.049068,526,1269.592887
191.620567,505,1271.491526
148.658654,948,1275.40501
-73.588456,377,1276.797335
247.797116,569,1282.437998
207.106315,507,1284.462629
185.712339,466,1286.282363
114.124415,1000,1293.819848
131.86604,702,1296.675255
-61.675872,343,1298.043586
208.592964,474,1299.989798
140.407194,685,1306.46815
-86.412091,530,1308.282762
-132.680937,584,1310.293133
-81.426764,415,1315.312502
139.976353,782,1318.071339
-109.402607,540,1319.962851
92.771348,819,1326.712018
-71.310306,458,1328.467937
-70.246618,173,1329.098366
184.337032,719,1331.680513
165.208855,518,1336.855621
-69.472563,309,1338.1557
-58.733274,211,1338.850971
173.032636,517,1340.663572
180.221238,480,1342.469275
181.566323,420,1344.118671
132.032923,619,1350.029637
-0.278602,329,1351.109535
149.641537,523,1352.961792
217.653677,460,1354.522372
56.086125,1000,1361.824287
-97.884787,489,1363.76579
-89.998417,529,1365.680144
-72.013303,363,1370.665018
144.606468,595,1372.870129
209.982245,564,1374.966886
-98.844569,498,1376.746091
179.547291,637,1382.194136
119.491558,583,1384.577071
205.880386,502,1386.397579
53.552327,919,1393.68607
182.432747,488,1395.781956
211.373731,506,1397.807988
120.817429,846,1404.300114
-274.367957,618,1406.71534
154.96826,498,1408.751021
-72.626114,475,1410.433322
177.347808,441,1415.678936
96.420771,712,1418.665226
-73.692863,390,1419.994319
-46.739237,339,1421.381671
-30.704807,444,1422.863678
204.874495,466,1427.894716
217.928737,550,1430.431755
-253.135608,614,1433.205064
-33.663881,1000,1439.773008
226.63395,439,1441.472289
118.245127,991,1445.644824
251.131108,510,1451.087915
-56.101142,359,1452.531581
202.965162,615,1455.121227
161.201761,657,1457.970925
-83.837789,337,1462.695326
180.809068,378,1464.135314
224.376603,455,1465.940203
130.761102,579,1467.855261
-77.253996,262,1468.637644
-27.184469,406,1473.29627
201.95306,438,1475.07409
169.944266,520,1477.14296
-47.434583,223,1477.811035
-95.246713,441,1479.557501
-46.140582,225,1483.945049
181.906327,543,1485.887134
-82.258082,272,1486.764117
-94.464285,353,1488.033875
233.341578,460,1489.680037
-52.91288,486,1494.354116
213.373499,478,1496.132149
250.158592,569,1498.433877
-65.580138,259,1499.426333
202.806312,573,1504.803998
255.485393,530,1506.765676
-31.900491,380,1508.328609
221.43808,486,1510.392769
-93.88294,392,1511.956386
-90.863358,479,1517.407858
230.132587,466,1518.909553
178.850396,606,1520.589619
135.343159,672,1522.616026
123.155175,578,1527.452911
-52.282213,280,1528.476775
228.121348,417,1529.65387
209.186643,575,1531.438673
-42.013891,209,1532.059342
101.351939,492,1537.082682
137.184656,550,1538.568699
185.903573,438,1539.946764
-46.297453,315,1540.777336
184.12069,347,1544.925848
170.995791,696,1547.075715
209.778748,442,1548.575193
214.624307,406,1549.881212
142.596486,453,1554.689989
-55.806388,208,1555.323882
-33.326622,321,1556.453031
162.630429,491,1558.326679
1.098227,430,1559.603517
220.120077,413,1561.109895
-40.822598,332,1565.086315
181.569171,428,1566.281529
218.465587,579,1568.109862
162.539349,651,1570.395695
253.691423,410,1574.734761
14.233522,1000,1578.049695
140.904114,727,1580.595754
223.518888,401,1585.301012
200.351026,404,1586.391083
214.732158,477,1587.954215
219.377029,444,1589.402798
-16.320907,466,1593.821287
221.830667,467,1595.190437
-13.913237,267,1595.955025
233.431382,364,1597.17396
209.293847,569,1598.784883
-11.08184,319,1599.886469
-76.861535,323,1605.043978
210.585652,479,1607.315411
182.981677,390,1608.95955
-81.876594,277,1609.816825
-12.303998,307,1610.514076
167.014626,410,1615.084996
-4.698426,339,1616.287293
221.009921,474,1617.817725
-45.954111,278,1618.795858
-74.122807,350,1619.901567
-35.334777,247,1620.810987
-33.346895,271,1625.45755
162.478796,370,1627.057168
182.611894,610,1629.012618
200.618384,555,1630.736448
165.218217,439,1632.490526
214.264262,390,1636.800569
200.394701,424,1638.101027
195.437422,343,1639.070694
168.489682,443,1640.384274
220.678134,371,1641.670569
-32.803149,305,1645.727371
173.343124,442,1647.091351
140.080164,551,1648.680318
216.378173,346,1649.690949
228.366991,293,1650.706647
155.270074,994,1657.115582
-33.809543,280,1657.811663
258.595035,417,1659.061244
234.723373,384,1660.317777
194.207766,423,1664.526749
268.628511,438,1665.875654
-45.331796,184,1666.367706
-50.563174,322,1667.232939
217.483774,330,1668.234477
-71.75273,342,1669.225367
238.273134,435,1673.713096
213.327073,390,1675.17021
162.2234,647,1677.514997
214.499908,382,1679.011321
-66.037414,241,1679.760134
126.069352,753,1684.414074
221.048592,351,1685.415731
-88.598816,360,1686.51006
180.229361,579,1688.619917
-25.014937,240,1692.357862
-72.590364,340,1693.36455
-29.922272,321,1694.307117
262.313482,508,1696.246865
226.451115,354,1697.348437
193.270704,654,1702.991336
-67.02652,201,1703.774165
-134.118832,623,1706.248372
216.51613,354,1707.574777
219.901394,399,1709.202194
-63.216039,292,1710.496307
254.205792,448,1715.948727
225.54376,396,1717.224728
246.289698,524,1718.828014
214.730144,355,1719.872878
-64.208515,317,1721.091202
-50.094151,314,1724.857112
229.812296,295,1725.663392
208.093367,393,1726.625283
242.447066,374,1727.674067
106.123153,610,1729.821647
-22.409789,302,1733.850663
204.56126,480,1735.326454
-9.833679,205,1735.995045
-67.81482,162,1736.450858
-55.477627,247,1737.171721
90.341037,861,1742.927675
84.620692,876,1745.756735
-218.52095,744,1748.025298
216.032713,659,1753.293027
-11.076677,290,1754.282944
204.857103,395,1755.355974
240.859271,459,1756.606771
201.311648,343,1757.590331
-84.08075,324,1761.573747
199.583042,515,1763.157504
-54.541277,231,1763.796844
-19.398634,248,1764.483968
131.127236,558,1766.249803
219.470304,388,1770.325695
169.273775,386,1771.461813
205.567069,579,1773.210489
170.226844,548,1775.148054
226.413284,256,1776.016774
-36.309276,174,1776.529772
214.721014,459,1780.931485
207.498224,520,1782.449795
203.711469,362,1783.433801
173.930763,510,1785.374637
208.696856,494,1789.876658
179.947771,413,1791.146426
20.586219,320,1791.992293
-83.638714,185,1792.614408
237.858663,333,1793.48579
-49.194944,279,1794.375954
245.05061,385,1798.624043
208.704242,342,1799.75388
235.990696,395,1800.962918
-35.081803,269,1801.902831
204.919234,371,1802.921369
188.210445,379,1803.907353
-24.162459,316,1808.101134
-117.383481,512,1809.592844
192.430321,322,1810.502522
228.245729,334,1811.603354
233.248335,352,1812.572773
151.651323,619,1817.642642
-117.38635,246,1818.254546
169.396056,610,1820.306258
220.679786,374,1821.467739
-48.259694,292,1822.29426
245.203953,336,1826.165198
235.522754,328,1827.044357
239.914823,349,1827.973785
220.142669,448,1829.544001
-44.680201,263,1830.305367
264.18029,372,1831.327896
-55.605364,242,1832.086876
247.488502,346,1835.916283
213.070052,403,1837.051162
-53.353072,273,1837.929669
-184.139543,735,1840.400186
246.289077,338,1844.315065
174.05121,422,1845.64479
-26.644609,335,1846.663425
239.221872,307,1847.460237
231.783811,299,1848.334174
216.412694,326,1849.283182
186.658289,477,1853.701277
203.851035,306,1854.590474
-212.816315,483,1855.921294
167.179428,549,1857.733246
-80.613547,170,1858.161524
-13.657304,436,1862.156043
226.689132,292,1863.004957
-162.443811,661,1864.963491
209.790106,401,1866.164331
-6.139498,267,1866.974212
239.588234,363,1868.016999
-44.948525,267,1872.294737
-8.443397,339,1873.272412
202.147617,286,1874.114569
15.240775,235,1874.950242
235.78759,350,1875.971434
-78.41664,234,1876.807061
173.457665,484,1881.682442
-71.188776,224,1882.308236
-44.183293,382,1883.519031
170.720052,621,1885.681225
-10.004022,191,1886.46337
213.276233,393,1887.797879
-38.299374,184,1891.575932
-6.684785,468,1893.087737
222.754289,326,1894.071308
224.193407,530,1895.902154
185.66977,366,1897.125768
206.022643,390,1901.402927
-55.122647,221,1902.142584
153.460803,584,1903.804338
254.980203,301,1904.887444
144.522179,580,1906.528884
190.138275,506,1911.083242
181.694421,339,1911.949428
238.91468,384,1913.075607
192.148583,411,1914.778633
302.538054,385,1916.209843
193.01624,357,1920.776691
177.158993,490,1922.000387
-38.251105,246,1922.773494
217.722688,320,1923.798529
-35.940596,174,1924.191654
226.334416,368,1925.435667
-13.428658,203,1926.112586
250.601772,346,1930.446276
219.944163,398,1931.413119
-26.254543,348,1932.560239
-111.606031,206,1933.136743
220.111753,466,1934.371269
205.793145,422,1935.887319
-5.226651,254,1939.395197
240.940509,311,1940.236138
212.410705,454,1941.345328
223.171403,355,1942.347095
192.287069,299,1943.133561
226.870286,339,1944.150267
199.459894,343,1947.615082
185.972205,372,1948.562078
206.10359,553,1950.061263
-14.347847,264,1950.862873
-36.163038,199,1951.371627
183.989947,880,1956.504408
215.937636,401,1957.460269
236.680383,372,1958.224967
199.071321,664,1959.588981
236.581954,276,1963.279953
235.746006,348,1964.158724
-26.358977,171,1964.603545
234.282732,352,1965.852631
129.609089,820,1968.855605
245.217759,368,1972.921644
209.921747,425,1974.127639
-20.439353,213,1974.64591
40.153574,1000,1977.772206
206.639576,831,1983.288866
218.969634,263,1984.002697
-30.296733,253,1984.715216
-20.107609,300,1985.792207
-43.815456,219,1986.362624
148.828013,505,1990.840212
-16.738719,143,1991.262548
-45.625908,240,1992.183396
-65.655072,326,1993.515188
194.401964,433,1994.725345
45.783161,1000,2001.887881
30.239583,186,2002.526563
193.844019,432,2004.185955
-40.483262,436,2005.771542
-11.476465,221,2006.784238
217.80794,319,2008.132343
76.751579,1000,2015.63137
207.751878,348,2016.878543
-8.044127,208,2017.815053
12.462158,291,2018.796054
241.751233,409,2020.229504
-223.528932,826,2026.122328
-14.917694,325,2027.371979
-33.039495,221,2027.996095
-32.182579,169,2028.69076
197.638819,290,2029.743609
192.022946,436,2034.76644
243.471682,356,2035.885997
239.987432,422,2037.385688
-58.504097,246,2038.472504
63.903723,1000,2044.758
-48.55623,261,2045.51821
236.517115,382,2046.741615
243.614522,322,2048.015702
157.861,530,2049.94666
237.574095,301,2050.706481
-36.258223,193,2054.395463
211.903681,385,2055.342541
151.389418,797,2058.02229
220.388057,373,2059.228931
230.321145,295,2060.327955
244.814606,355,2064.438428
7.33558,238,2065.481635
175.783112,576,2067.329272
243.479939,339,2068.177235
223.220691,344,2069.091696
260.616811,315,2069.90969
-36.19865,283,2073.930551
260.270721,305,2074.719626
240.398636,337,2075.66911
226.334189,301,2076.557244
217.792725,419,2077.887249
225.022603,305,2078.734191
-33.404271,258,2082.571733
223.136176,324,2083.838321
248.853513,292,2084.953558
251.43404,292,2086.015801
228.335498,327,2087.252061
211.944572,310,2088.508662
249.322673,284,2089.475645
261.907188,306,2093.629419
-14.719601,230,2094.393369
246.743498,331,2095.361107
245.390833,437,2096.878545
-27.430078,185,2097.590383
-8.776147,211,2098.279563
234.489356,340,2099.515355
269.793332,429,2103.98665
232.476069,327,2105.108657
249.126834,305,2106.201347
245.302622,281,2107.021639
-10.525751,190,2107.556147
-16.5193,252,2108.39765
195.010245,340,2109.664006
204.948484,598,2115.103222
200.327976,480,2116.669265
221.161846,287,2117.449953
236.259037,307,2118.219675
202.58287,433,2122.752398
-46.6407,200,2123.451543
239.117944,356,2124.698709
2.491624,206,2125.525216
239.371167,635,2127.853826
262.9946,454,2129.44932
212.089918,300,2133.602235
192.098572,333,2134.603049
259.662584,306,2135.567603
-49.885858,253,2136.394246
-9.052974,214,2137.237727
193.978389,308,2138.21221
-25.966243,263,2139.103146
163.802111,604,2144.378064
8.519268,208,2145.366217
170.075426,481,2146.795007
-19.454822,235,2147.510997
228.471414,322,2148.870872
217.910075,315,2149.953286
267.328164,351,2154.514771
-53.131917,245,2155.416218
4.663409,260,2156.167295
181.583072,652,2158.736225
18.393612,291,2159.77152
-59.799681,269,2160.980778
256.662806,274,2165.188232
-4.970555,254,2166.048425
245.016774,275,2166.978942
157.062718,395,2168.107849
238.334507,289,2169.249265
-34.110649,201,2169.950073
30.381664,234,2170.753734
267.86675,283,2174.610165
240.996109,299,2175.540177
249.119222,326,2176.744618
226.516407,313,2177.771625
240.167192,413,2179.327926
-29.910375,181,2179.829993
206.963288,358,2180.921575
-72.309003,257,2185.465249
-85.000484,266,2186.253378
248.025673,293,2187.069267
233.317018,284,2188.065107
-8.924805,170,2188.763689
229.666626,276,2189.595979
247.439933,279,2190.440756
-16.999734,257,2191.376586
301.018939,461,2196.384429
251.766079,574,2198.352881
-23.402449,184,2198.976301
224.777537,278,2199.776424
-13.477283,216,2200.67461
-11.453478,198,2201.344346
-34.160573,265,2205.145869
31.106596,308,2206.129281
2.784666,195,2206.684935
164.845329,531,2207.953593
183.009942,445,2209.626535
-26.112864,266,2210.383082
218.693127,341,2213.955519
228.055554,301,2214.772172
-43.40329,231,2215.324428
34.475976,172,2215.687091
232.571854,348,2216.591111
127.175762,1000,2221.723011
238.875188,457,2223.158658
91.797519,1000,2225.831743
231.517806,353,2226.700974
204.394472,347,2230.196296
251.741447,327,2230.996749
243.066799,277,2231.63873
236.161757,352,2232.625944
243.659617,339,2233.610445
5.212862,217,2234.123824
8.930843,232,2234.626521
-25.847591,207,2237.713908
-7.49129,265,2238.383268
246.733221,305,2239.132187
231.778561,286,2239.859408
154.716833,547,2241.529846
206.725073,425,2242.648405
201.287159,401,2246.276877
242.436898,273,2246.899905
214.224777,321,2247.718153
235.76514,318,2248.50123
289.415478,435,2249.711103
-19.823903,292,2250.457111
239.962137,459,2254.099976
215.604419,488,2255.422972
244.81135,472,2256.549613
160.441926,390,2257.581796
219.21008,324,2258.300986
-80.069434,401,2261.849624
20.888653,232,2262.486775
-58.005463,381,2263.432623
-16.460493,177,2263.971086
3.13172,246,2264.656202
-45.361397,248,2265.372696
226.228519,419,2268.861084
279.403598,395,2269.915364
214.245872,404,2270.830817
259.953902,302,2271.605904
246.224328,292,2272.344955
236.807747,349,2273.371765
-8.797252,220,2273.824453
240.028421,352,2277.0479
-54.100248,296,2277.805705
129.705567,503,2279.053928
206.618091,320,2279.857225
225.830077,344,2280.791645
-13.90797,271,2281.502141
90.804757,1000,2286.459198
250.413579,268,2287.153144
-6.66341,217,2287.636317
230.758873,302,2288.33
147.079591,520,2292.566289
233.384377,270,2293.43126
28.79386,1000,2296.123325
226.339625,294,2296.950711
-28.388627,285,2300.255232
188.679796,439,2301.485998
-18.9694,281,2302.238287
-5.639257,218,2302.834168
-8.072584,272,2303.521921
84.328091,1000,2308.656252
231.832059,279,2309.329056
-12.824996,243,2309.955518
-24.173009,235,2310.532528
256.306297,277,2311.270438
-6.980358,212,2311.920484
-41.37434,277,2312.762053
241.553058,275,2313.604607
-80.58095,278,2316.627337
236.931848,274,2317.347764
192.485663,470,2318.373971
19.176414,196,2318.768127
214.029258,301,2319.461088
229.448169,299,2320.160401
-10.336489,201,2320.773194
-55.95348,239,2324.195854
4.19205,224,2324.753413
193.478967,373,2325.638089
233.135656,318,2326.401691
249.503575,295,2327.209892
245.117187,289,2327.875981
227.251958,327,2328.824366
-8.427544,194,2331.685506
248.02417,329,2332.511793
6.048878,236,2333.048663
251.737178,291,2333.729807
250.560877,329,2334.669881
-17.015393,276,2335.413206
221.880657,404,2336.387028
190.135354,426,2340.003261
252.871452,288,2340.692146
229.052623,290,2341.31862
255.997789,295,2342.057418
-2.184776,215,2342.598003
-27.817744,248,2343.160871
-29.026653,238,2343.765703
132.214936,632,2347.958723
232.971409,304,2348.931239
237.024477,391,2349.817038
235.861329,354,2350.590838
234.356628,315,2351.453495
240.902281,304,2354.845764
246.062637,360,2355.764475
-29.456073,266,2356.4251
265.461205,352,2357.384505
219.151504,322,2358.117143
208.653204,329,2358.966012
259.457475,288,2362.455384
232.327155,255,2363.050876
-41.312296,246,2363.697091
246.299906,310,2364.388469
214.707936,345,2365.327858
-52.641849,248,2365.927505
232.019022,303,2366.761682
240.297645,278,2367.381579
246.272512,252,2370.494589
246.830696,366,2371.476635
-38.956023,291,2372.253605
5.644026,256,2372.796837
230.351003,294,2373.475345
-8.817606,267,2374.23107
186.228728,529,2378.051306
254.438925,316,2378.769966
-8.090759,192,2379.203628
234.283289,313,2379.959337
248.717321,447,2381.037101
109.783319,1000,2386.268939
-9.115026,273,2386.897125
260.359061,278,2387.717232
-33.297937,221,2388.288271
249.838264,309,2389.174978
229.612833,329,2389.997681
-4.427498,248,2393.093514
18.883417,185,2393.586324
216.75737,326,2394.305709
189.373746,570,2395.712634
237.88629,341,2396.459771
185.769071,645,2400.683188
-25.549173,209,2401.262342
231.620646,291,2401.951983
259.683311,344,2402.979314
218.173551,327,2403.967045
-15.897994,312,2404.739968
-8.337387,157,2405.083125
80.971292,1000,2410.14118
252.71579,274,2410.868567
-12.874231,201,2411.32235
250.53652,286,2412.068105
192.884092,728,2416.790364
197.829845,655,2418.462221
214.080284,341,2419.323413
6.217481,272,2420.035049
237.238289,331,2420.967572
233.952369,274,2421.675621
13.112809,173,2424.539752
231.398539,413,2425.748015
182.332224,379,2426.628441
254.93884,341,2427.467937
-45.125538,259,2428.044177
263.726301,248,2428.631175
-20.679616,241,2429.440072
-53.564583,276,2432.713582
-30.498869,208,2433.304013
20.009057,190,2433.822664
234.857287,363,2434.637389
216.794233,410,2435.667253
250.610399,331,2436.495539
21.772924,215,2436.949154
-31.551486,285,2440.230734
234.495893,322,2441.121352
247.361882,337,2441.953935
255.318214,276,2442.591913
195.40865,478,2443.917118
222.047306,308,2444.780894
248.421429,266,2448.207855
182.699908,479,2449.64709
-15.562169,156,2450.057247
236.823323,304,2450.835204
-16.159865,293,2451.67202
248.937327,281,2452.382525
246.480332,319,2453.177918
238.593312,278,2456.895235
-9.844984,158,2457.357878
230.373197,281,2458.095086
218.09984,303,2459.010685
203.859652,398,2460.019689
191.546372,436,2461.026858
225.103392,346,2461.860636
238.910622,309,2465.586223
18.428473,246,2466.22288
221.964988,310,2467.057412
269.48924,289,2467.959352
218.738495,289,2468.76075
178.192995,507,2470.230326
-18.514784,186,2473.50557
89.569144,1000,2476.40491
256.347673,346,2477.298989
236.447648,319,2478.146344
203.527959,667,2482.849487
272.240642,271,2483.67345
195.181396,371,2484.655187
243.865918,287,2485.60738
216.032384,286,2486.395015
223.673075,374,2487.476928
239.925665,250,2491.044835
222.98945,271,2491.830915
264.224547,260,2492.492395
185.177708,487,2493.809373
-70.438661,364,2494.822187
-3.063573,173,2495.235031
-3.743424,180,2495.715373
237.75398,285,2499.398857
224.13962,265,2500.107168
20.141767,214,2500.670753
239.901294,232,2501.233177
251.523272,293,2502.158223
257.160335,357,2503.134301
-34.868067,195,2503.861748
225.817789,344,2504.87544
248.028994,304,2508.689223
-28.410601,230,2509.338216
213.194377,371,2510.398396
250.342331,278,2511.133285
221.942782,270,2511.978215
256.35488,297,2512.736496
276.325397,408,2517.038004
208.681332,296,2518.029887
268.05814,444,2519.472481
267.773887,260,2520.192231
218.736245,325,2521.251983
228.104213,339,2522.172989
266.036454,249,2522.844149
232.629806,266,2526.273468
-35.302861,196,2526.75688
246.847794,272,2527.548153
-9.239029,182,2528.039181
250.82329,264,2528.862033
230.3865,225,2529.574058
-4.477483,210,2530.092619
229.294873,257,2530.758204
256.187732,277,2534.440975
246.759766,292,2535.224413
226.086546,258,2535.97338
40.297033,248,2536.705568
-10.970053,215,2537.417867
283.311156,383,2538.650388
220.758736,255,2539.470947
239.841399,292,2540.368299
218.185242,308,2543.80323
-11.142814,198,2544.333843
10.12554,193,2545.100583
258.121147,467,2546.397726
22.374659,228,2547.01611
231.630256,243,2547.674068
235.943552,254,2548.439176
221.700696,575,2553.135582
9.8405,243,2553.824641
257.247005,493,2555.052578
-19.757113,210,2555.697942
-42.298451,235,2556.437204
249.935993,282,2557.239762
9.6437,182,2557.711762
89.618906,1000,2563.338992
245.346719,275,2564.224695
21.873373,174,2564.634868
216.376876,347,2565.530929
259.23433,276,2566.310484
220.669137,326,2569.83368
21.548779,180,2570.27108
262.370157,258,2570.977245
-12.215285,249,2571.697533
278.65417,305,2572.592324
21.450552,269,2573.405522
245.317322,269,2574.178696
240.10942,294,2577.94082
-11.619705,305,2578.585086
260.610276,322,2579.408817
239.63041,268,2580.100349
168.123587,923,2582.798504
217.527779,329,2586.556305
-38.336756,275,2587.288024
185.499195,488,2588.722187
249.796438,314,2589.601938
238.967986,306,2590.338181
232.591796,305,2591.152998
215.891056,294,2594.883775
122.109534,1000,2597.66521
-6.074442,206,2598.317721
254.541245,290,2599.153099
-37.39957,193,2599.780267
263.774155,277,2603.231615
250.391372,396,2604.408865
7.984832,159,2604.794813
-2.579234,161,2605.225573
69.732611,1000,2607.869231
255.857541,302,2611.341748
22.060451,206,2611.929743
-2.062774,262,2612.696254
278.52669,219,2613.26099
241.349197,278,2614.112504
167.795708,436,2615.367724
237.940671,383,2616.445035
-13.086668,255,2620.080895
9.087885,252,2620.706026
240.402871,298,2621.515124
234.550375,272,2622.392791
-40.184994,208,2622.942791
252.181143,293,2623.73286
222.995524,296,2624.453854
256.223647,284,2625.42639
259.291458,329,2628.980907
28.708272,229,2629.734117
251.711884,259,2630.424751
-16.20713,207,2630.933366
233.062995,269,2631.83645
282.015448,215,2632.409004
86.690798,1000,2638.1018
252.994943,410,2639.226442
258.521314,254,2639.904257
202.301192,249,2640.674839
240.540066,256,2641.43932
263.684062,310,2642.318971
230.507247,265,2645.880088
16.080198,157,2646.531832
26.526604,186,2647.058065
105.492352,1000,2649.931158
-13.421398,176,2650.443257
108.697809,1000,2655.973758
2.152207,209,2656.528758
263.358539,266,2657.292802
-48.455941,241,2658.03749
264.359811,286,2658.754261
222.475426,298,2659.524235
190.517515,370,2663.477037
238.143652,337,2664.365082
259.159238,344,2665.430491
28.37018,237,2666.047608
240.178999,287,2666.767228
246.049518,267,2667.473227
237.443012,267,2668.268656
214.591817,288,2671.72684
-2.877892,201,2672.201985
231.898736,259,2672.971474
256.300087,439,2674.192096
26.231015,205,2674.732818
-22.000817,168,2675.193373
244.695254,288,2675.905319
-5.258222,211,2676.52044
256.884127,327,2680.570273
90.695516,1000,2683.492411
258.23084,283,2684.366463
14.666542,160,2684.735254
247.356236,368,2685.811669
187.373145,676,2690.47967
230.473433,280,2691.106372
168.848323,328,2692.030648
238.667089,281,2692.747598
263.33981,260,2693.513902
-10.812596,211,2694.135409
230.841586,315,2697.717248
260.186564,267,2698.432352
234.704458,452,2699.703451
9.78063,215,2700.280705
168.023737,1000,2705.855787
-2.409212,239,2706.428213
268.803674,278,2707.1593
0.646014,231,2707.743687
236.601437,277,2708.39914
229.324394,283,2709.181063
131.572013,1000,2715.380228
244.071959,263,2716.10914
245.11437,274,2716.861622
253.772564,343,2717.937939
259.95152,319,2718.765773
34.793306,256,2719.573535
235.135241,271,2723.094919
232.388468,321,2724.104306
260.874545,297,2725.054015
221.229156,299,2725.9682
246.076576,284,2726.987257
247.632549,396,2727.981253
253.719319,447,2731.938782
0.477153,238,2732.710977
227.60757,282,2733.713401
243.136383,315,2734.547082
252.385096,289,2735.245445
257.319082,351,2736.153774
254.55439,380,2737.316489
240.613278,302,2740.877556
298.384759,363,2741.93997
253.275153,309,2742.799319
218.25675,282,2743.550416
257.748121,307,2744.450687
229.909061,309,2745.374314
242.834817,298,2746.199737
250.618392,303,2750.037261
274.986094,354,2750.968829
242.556177,307,2751.711662
240.522729,278,2752.456062
14.112351,257,2753.205081
100.030345,1000,2758.89763
246.599634,283,2759.832958
248.330932,276,2760.663532
272.095964,297,2761.646729
270.531572,272,2762.353653
-56.444255,274,2763.1438
16.930369,204,2763.758261
242.519597,316,2767.172929
246.70621,317,2768.065459
31.927302,251,2768.987094
-2.952871,231,2769.666315
263.017488,273,2770.341964
253.335467,256,2770.932473
269.367225,298,2771.757443
247.765272,284,2775.358072
225.33805,283,2776.136308
248.531593,272,2777.002033
256.451105,275,2777.810452
254.943599,358,2778.756217
240.916706,350,2779.662665
228.249795,289,2780.469414
267.661615,292,2783.933613
243.397294,254,2784.600014
252.416632,307,2785.556204
239.817905,267,2786.309293
247.417357,296,2787.004995
-10.735865,233,2787.781209
-15.317604,195,2788.591298
121.528288,1000,2794.076293
244.313144,268,2794.78842
265.505644,245,2795.517112
28.326583,236,2796.223254
-11.835236,281,2796.966899
239.428113,281,2797.723689
235.253573,267,2801.299778
271.93073,281,2802.074833
-14.855873,238,2802.598649
248.996629,263,2803.262096
271.307345,479,2804.784962
156.892675,488,2806.244655
270.133145,325,2809.99103
232.117438,496,2811.321631
-1.918378,204,2811.831672
254.600451,273,2812.854223
256.618688,248,2813.453972
261.636437,282,2814.101873
234.224261,282,2817.612
92.362243,1000,2820.194721
283.578982,393,2821.297404
133.401552,1000,2826.631177
254.913212,270,2827.517421
255.040955,328,2828.654692
288.055793,359,2829.511093
253.153092,309,2830.448831
-26.047379,171,2830.993244
219.782949,429,2834.832793
263.045086,277,2835.666242
246.870409,293,2836.398685
22.328078,273,2837.029268
246.452637,282,2837.868526
240.246789,328,2838.872562
-0.232079,228,2839.611135
5.990584,206,2843.235529
241.753362,285,2844.01813
254.730263,371,2844.97955
253.068928,306,2845.758872
262.235223,291,2846.646455
241.99337,302,2847.614179
248.688393,306,2848.399012
250.4878,332,2851.986569
75.748266,1000,2854.961421
257.404468,349,2855.877668
276.237994,286,2856.718379
-10.816146,243,2857.462156
122.769835,1000,2862.924447
26.763144,236,2863.461213
285.448036,242,2864.120707
249.778959,239,2864.731111
213.284975,282,2865.536203
264.10134,283,2869.069697
251.086195,254,2869.866476
245.409144,361,2871.01459
258.530016,293,2871.692285
223.807708,275,2872.496984
2.103231,222,2873.169416
267.792993,454,2877.207664
278.841361,311,2877.952527
244.199917,401,2879.097199
249.918651,258,2879.713328
257.582796,298,2880.472866
288.383052,288,2881.579267
125.381116,1000,2886.955854
244.043545,266,2887.634121
283.488508,229,2888.10994
234.631361,279,2888.872605
303.400354,509,2890.28658
243.618993,294,2893.747362
210.447135,262,2894.549206
263.390611,311,2895.408245
120.949555,1000,2898.362386
242.142825,278,2899.071579
239.978509,272,2902.604642
267.212444,339,2903.55633
261.026626,258,2904.121318
247.925367,272,2904.85887
16.212134,249,2905.686895
95.734872,1000,2911.216702
260.032522,289,2911.932143
249.13672,342,2912.998135
226.188505,301,2913.871649
247.637392,517,2915.338071
248.790683,261,2915.974602
255.52932,318,2919.529813
-3.451388,228,2920.063788
276.421313,363,2921.012297
244.955026,263,2921.811229
244.554337,274,2922.51506
269.316282,243,2923.17099
247.091591,257,2923.825948
9.949932,217,2924.529154
231.89068,243,2927.848503
267.951234,242,2928.623303
259.267036,262,2929.474174
264.346234,279,2930.207096
275.354336,339,2931.024463
264.117384,309,2932.004905
12.880526,188,2932.483013
237.842456,323,2936.234521
239.297993,274,2937.16368
245.181795,260,2937.932429
253.442429,260,2938.639254
144.045076,1000,2941.359746
120.429957,1000,2947.043457
242.316753,273,2947.877009
243.233729,304,2948.840942
137.488945,1000,2954.285534
228.001791,374,2955.361237
276.692485,269,2956.061919
26.495108,267,2956.755001
251.192166,261,2957.474512
252.635909,265,2958.078138
222.791049,277,2961.622433
5.223315,223,2962.311679
280.392763,246,2962.997108
271.724343,285,2963.71215
124.556025,1000,2966.444127
268.1979,285,2970.205169
-49.086702,242,2970.859173
264.578768,260,2971.576608
196.364129,817,2973.92854
256.281681,292,2974.629211
106.441292,1000,2980.356668
238.068287,324,2981.21593
272.092437,411,2982.31258
234.209757,400,2983.311129
42.31188,218,2983.863689
238.321019,265,2987.458877
236.637199,277,2988.105893
149.132837,1000,2990.778448
-4.928421,249,2991.40816
224.134451,575,2995.814467
235.877093,260,2996.563211
226.815693,274,2997.284061
230.407432,319,2998.083788
133.511963,1000,3003.910616
251.398286,312,3004.797878
247.141636,311,3005.575543
245.310716,246,3006.172053
239.546896,261,3006.833833
5.805889,262,3007.551358
234.370365,267,3008.145492
254.27996,457,3011.9736
272.291573,285,3012.904015
144.998856,1000,3015.684556
227.352062,282,3016.332069
233.941898,289,3017.204404
266.423031,318,3020.711788
281.58227,372,3021.770307
57.304594,218,3022.294747
242.848661,260,3023.134509
230.026134,275,3023.84434
273.481418,246,3024.474364
242.297503,259,3025.225478
120.899665,1000,3030.960931
250.552567,262,3031.878578
250.373505,284,3032.66767
248.067263,273,3033.503
264.764171,230,3034.239609
3.777311,236,3037.762986
225.383345,311,3038.70193
268.535152,264,3039.514706
51.691217,212,3040.145588
254.59801,283,3041.034246
222.518665,296,3041.922697
262.663079,250,3042.491021
258.714385,305,3043.45826
265.93823,274,3047.148387
271.765565,217,3047.734287
269.436435,231,3048.319448
259.616899,237,3048.885722
127.993868,1000,3051.997465
272.791987,274,3055.444325
250.690381,272,3056.172505
241.40416,287,3056.927262
266.603565,228,3057.810833
272.334265,309,3058.57875
-17.592366,211,3059.098752
227.321168,251,3059.762261
292.478869,250,3060.518896
300.0228,287,3064.393599
162.386434,1000,3067.163591
233.597029,247,3067.834255
19.1577,207,3068.438031
280.717643,249,3069.161521
269.692143,228,3072.305048
259.323831,287,3073.063286
267.597822,267,3073.858317
255.426776,282,3074.601933
255.57092,255,3075.443509
272.92367,243,3076.005783
234.540691,272,3076.628026
259.823008,341,3077.583087
258.961977,222,3080.933088
240.411163,262,3081.789709
254.612662,277,3082.521144
229.532068,220,3083.066304
273.36861,279,3083.879358
202.465357,630,3085.60389
6.657111,208,3086.179114
271.880097,286,3089.890086
247.743922,254,3090.547665
257.84492,278,3091.292252
255.759957,229,3092.003956
228.313576,269,3092.779329
269.187625,260,3093.456901
214.799253,306,3094.264005
243.350843,246,3097.766273
-3.80243,217,3098.369178
157.363098,1000,3101.612306
-4.831941,200,3102.285384
241.838281,248,3103.136033
239.339665,320,3106.566935
235.050308,295,3107.510653
276.27164,272,3108.330714
214.539945,282,3109.050437
103.876065,1000,3111.657588
303.142544,373,3115.58487
2.361305,194,3116.053159
23.909638,205,3116.665427
240.579285,253,3117.282019
250.04558,355,3118.150689
-3.976414,204,3118.753824
284.538131,308,3119.72483
265.138376,230,3120.40084
282.02025,304,3123.997494
247.571535,259,3124.69908
236.280564,340,3125.620025
234.600801,243,3126.329721
20.508118,166,3126.848176
236.921289,255,3127.445306
247.040344,278,3128.259713
229.135922,278,3129.119059
253.213602,254,3132.959386
272.005132,249,3133.552846
252.159802,246,3134.205941
291.108912,459,3135.788368
269.036413,273,3136.668204
274.960965,369,3137.825952
271.259838,266,3141.27719
48.224862,198,3141.76596
243.239735,255,3142.543207
259.844383,251,3143.179998
203.837778,817,3145.542521
234.214954,258,3146.220289
274.049517,278,3149.519017
259.919965,266,3150.204958
268.655343,279,3151.000923
245.4663,255,3151.624332
284.230785,255,3152.215557
241.922507,359,3153.454045
4.056095,198,3154.00545
133.454886,1000,3159.644355
267.687061,275,3160.361446
231.32322,223,3160.949552
262.529874,254,3161.714272
279.947405,278,3162.483479
232.128825,243,3163.119641
217.271366,565,3167.555761
226.266613,255,3168.3942
247.345995,355,3169.400225
241.596972,273,3170.106243
266.23886,239,3170.661204
253.486364,265,3171.399842
248.672516,352,3175.657119
279.224255,316,3176.387839
231.554865,251,3176.97808
102.951087,1000,3179.704308
255.628092,276,3180.391019
234.876639,331,3183.742398
0.17841,214,3184.445141
250.220237,316,3185.322351
235.345585,251,3186.027156
268.866125,365,3186.98324
266.12835,279,3187.65327
-76.40165,452,3191.599621
248.993588,259,3192.454668
249.685121,272,3193.328099
271.005765,256,3194.090245
255.576619,268,3194.714101
255.555716,274,3195.598387
231.119978,270,3196.374742
257.445411,238,3197.113878
130.586793,1000,3202.874338
261.014267,257,3203.605898
275.244426,272,3204.27845
5.41443,249,3205.003712
89.597762,1000,3210.593005
88.162929,1000,3213.560377
287.608876,261,3214.269095
224.557842,268,3217.758739
241.891423,277,3218.459738
271.047001,235,3219.103093
262.522678,234,3219.698634
218.727345,700,3221.637244
261.00853,293,3222.411394
240.153352,294,3225.993834
248.873974,253,3226.668214
-20.267315,207,3227.304653
286.232556,306,3228.167751
240.282561,253,3228.973827
239.061436,251,3229.659674
133.794828,1000,3235.637568
267.893488,279,3236.539102
130.610373,1000,3239.431946
256.408196,263,3240.198578
268.716356,275,3243.728576
256.608805,245,3244.356707
270.28728,233,3244.981124
251.134312,316,3245.873605
273.958003,284,3246.628249
274.842694,269,3247.336328
286.762629,246,3248.080172
255.43202,257,3248.948721
128.411057,1000,3254.796414
225.248792,261,3255.558929
248.305205,332,3256.525386
236.807167,254,3257.34199
229.53211,252,3258.1318
278.282973,412,3262.140438
250.753444,513,3263.87408
287.38021,234,3264.507142
-36.190119,282,3265.368887
264.317184,322,3266.244704
248.765254,301,3267.190045
116.189786,1000,3272.792188
258.888976,242,3273.715193
237.284219,273,3274.450216
231.98482,644,3276.084145
228.081941,347,3279.686534
244.287037,293,3280.493471
156.188687,1000,3283.53226
276.151565,338,3284.484414
244.5443,303,3288.073279
268.405581,239,3288.711476
254.714968,285,3289.594998
272.511062,247,3290.281662
274.117196,242,3290.958728
239.093361,253,3291.628744
29.666648,246,3292.307726
262.026843,317,3296.278561
268.469792,242,3297.05109
255.880211,295,3297.968388
258.406163,294,3298.667141
262.857835,263,3299.401318
254.993264,293,3300.104974
243.909193,267,3300.739637
145.551883,1000,3306.255636
267.253428,262,3307.07806
286.180141,230,3307.816504
260.039459,299,3308.842694
125.611153,1000,3314.969769
18.417497,185,3315.542597
272.958556,236,3316.294573
280.05226,230,3317.132164
228.837291,238,3317.744837
268.211283,291,3318.524415
253.099099,234,3319.11891
261.51195,276,3319.943656
288.809201,233,3323.486938
268.679464,957,3326.118871
225.942162,235,3326.834967
262.658061,247,3327.604241
136.523809,1000,3333.186474
59.894321,174,3333.714617
62.288697,180,3334.183208
-8.767383,247,3334.8135
266.094992,235,3335.493806
257.935072,264,3336.379747
26.728524,162,3336.94964
257.204269,241,3340.458245
267.405996,226,3341.070314
278.487462,226,3341.672736
4.944586,174,3342.170326
65.690501,1000,3344.857667
274.919967,275,3345.716543
30.509775,204,3349.101869
240.285953,317,3349.943727
69.267405,1000,3352.72083
246.050186,304,3353.65239
264.749416,316,3357.19907
273.47348,361,3358.152374
246.867074,273,3358.908994
204.540297,524,3360.462028
245.969601,369,3361.547146
25.103906,206,3362.157176
-107.446932,294,3365.58773
256.867453,259,3366.20438
8.194927,230,3366.795532
271.956007,233,3367.525655
224.478683,323,3368.318241
229.364479,242,3368.920312
292.315234,236,3369.644458
262.466311,278,3370.441253
295.409962,374,3373.965424
51.228824,179,3374.511984
236.937994,246,3375.169029
272.957493,366,3376.353394
268.186627,272,3377.034424
249.721628,278,3377.888794
247.085793,242,3378.499573
-32.254531,225,3379.007584
256.800384,243,3382.541273
119.593686,1000,3385.47099
-13.013247,194,3386.035798
282.448964,256,3386.684502
242.961821,284,3387.442468
237.684859,266,3390.874676
-8.040356,189,3391.554984
239.76749,225,3392.193161
241.20187,225,3392.786844
272.044149,414,3394.072871
266.113341,261,3394.730706
291.276834,259,3395.432416
270.985535,219,3395.908386
269.113761,306,3399.500633
79.683044,1000,3402.315179
97.351152,1000,3407.905759
76.412926,1000,3410.801975
292.844071,233,3411.383368
261.511123,265,3412.030538
280.984798,218,3412.629373
259.297144,271,3416.048333
256.993422,345,3416.975512
43.205743,189,3417.694198
273.864647,242,3418.303399
133.580375,1000,3421.201923
232.893121,657,3426.040529
225.29471,245,3426.613636
300.790344,337,3427.453351
136.192167,1000,3430.018162
253.048982,285,3433.591509
221.530338,266,3434.320373
229.299783,256,3435.002313
266.624301,228,3435.737895
245.355643,261,3436.398197
277.013259,245,3437.104597
282.486675,268,3437.798146
264.355819,238,3438.440169
284.829838,284,3442.017558
285.602071,262,3442.696877
169.535932,1000,3445.529861
268.908874,259,3446.172632
271.583803,244,3446.97374
-12.748582,188,3450.177796
270.993092,309,3450.968849
240.107622,231,3451.565439
263.478794,255,3452.319504
229.491048,317,3453.131078
277.000646,273,3453.75648
247.670597,283,3454.607467
-1.852066,251,3458.284067
22.351015,183,3458.732868
262.857503,341,3459.718074
264.195222,349,3460.924698
242.114155,234,3461.496506
13.12551,212,3462.063976
264.486313,281,3462.854604
264.761259,279,3463.632119
292.91676,348,3467.550353
121.70903,1000,3470.451721
262.84301,283,3471.179519
253.132315,245,3471.936355
135.540703,1000,3477.258338
233.828887,297,3478.164419
246.122538,243,3478.721825
241.854184,282,3479.415043
265.572115,293,3480.138877
265.968136,236,3480.732223
239.537786,248,3484.308376
259.175959,219,3485.072221
257.316747,233,3485.693902
67.622485,1000,3488.565937
252.463083,265,3489.499987
240.738733,254,3492.697181
245.1543,287,3493.58021
273.561845,218,3494.195313
258.542349,244,3494.860523
245.089856,255,3495.528904
273.504076,301,3496.480665
239.187677,251,3497.055069
279.26114,230,3497.750601
262.338237,232,3501.067503
248.67201,333,3502.033796
238.875506,271,3502.817657
236.800333,246,3503.45434
271.309903,245,3504.042128
267.349349,267,3504.7466
237.594416,283,3505.613099
282.171507,801,3510.597884
280.037955,339,3511.487577
55.882684,191,3512.121006
-5.662587,156,3512.572563
269.629436,234,3513.251691
283.721969,278,3514.052819
261.329675,673,3518.653149
267.8083,255,3519.537448
265.761222,270,3520.34618
265.118887,229,3521.121728
50.598117,183,3521.731028
127.187764,1000,3527.154809
271.834105,230,3527.950428
116.553341,1000,3530.667919
17.367694,232,3531.302882
220.137054,248,3531.990546
266.79761,246,3535.488438
288.638935,267,3536.250761
248.200241,227,3536.923724
230.17047,256,3537.746946
283.869255,243,3538.430408
262.989001,252,3539.020725
26.991465,220,3539.588285
256.959958,303,3540.333941
253.554639,314,3543.984486
268.292757,221,3544.603233
278.444937,239,3545.173871
283.689735,289,3546.165812
237.249407,271,3546.848498
238.145498,279,3547.562484
269.009372,238,3548.201333
40.392348,158,3548.610776
294.972478,259,3552.20274
212.944939,251,3553.036412
261.969415,255,3553.897528
276.155565,255,3554.511071
247.597225,220,3555.04482
282.698266,498,3556.432025
70.594127,1000,3562.184832
255.554391,245,3562.827203
290.429064,247,3563.458805
286.64492,281,3564.321413
256.140741,218,3564.918492
14.790565,260,3565.577871
266.52006,216,3566.175481
235.905978,223,3569.505322
294.052853,339,3570.414142
292.621038,204,3570.897751
121.710417,1000,3573.303311
57.491757,157,3573.697618
258.897597,278,3576.962878
267.704949,238,3577.697839
232.624149,254,3578.432603
226.346714,234,3579.062854
269.810023,258,3579.717468
264.029482,220,3580.326767
285.068068,219,3580.908986
123.36104,1000,3586.935708
272.329925,308,3587.725989
285.46593,232,3588.414631
-26.147469,217,3588.96241
285.045776,231,3589.522021
272.336144,333,3590.346917
281.752432,298,3594.018334
182.919266,1000,3596.642104
242.290098,265,3597.505189
268.291626,289,3598.384302
273.137284,266,3599.083024
258.301597,262,3602.449926
265.174311,276,3603.093085
296.394221,278,3603.871885
284.937605,307,3604.846009
239.952594,265,3605.555198
278.367055,245,3606.1385
292.869327,380,3607.024069
293.606148,340,3610.87767
274.483334,376,3611.986305
272.809085,223,3612.654357
278.82995,333,3613.473841
231.648656,253,3614.166855
283.474221,210,3614.746366
257.187164,291,3615.684255
265.460512,221,3616.307132
115.840477,1000,3621.848876
237.549479,270,3622.700215
289.804409,225,3623.353607
297.57767,234,3623.98948
300.101916,258,3624.606395
285.323205,212,3628.091089
104.326682,1000,3631.216268
258.419229,309,3632.022037
250.166135,232,3632.675558
264.765558,320,3633.696717
265.962621,254,3637.325865
241.844621,254,3638.088107
262.456539,241,3638.734122
276.608456,221,3639.46672
273.526402,239,3640.103619
279.664208,436,3641.073215
245.112403,282,3641.783582
158.963368,1000,3646.797234
249.980776,241,3647.514592
297.610108,375,3648.75331
292.169033,214,3649.495211
253.657346,299,3650.418191
290.811671,250,3653.913599
239.268465,303,3654.784805
253.800797,223,3655.411666
283.846258,220,3655.944292
268.719271,243,3656.526442
248.605539,243,3657.21823
300.286725,230,3658.180753
255.450428,296,3659.207625
281.375885,336,3663.148709
282.340648,318,3664.027094
304.306289,433,3665.392462
237.895837,299,3666.165301
147.703933,1000,3671.332551
266.463734,207,3671.939679
258.815032,238,3672.612433
14.575558,97,3672.856525
275.819355,305,3673.896607
301.796032,191,3674.435259
51.809696,154,3675.073248
32.646662,256,3676.040902
291.869837,225,3676.752459
235.246177,269,3680.223158
160.993686,1000,3683.953707
178.983471,1000,3689.543823
283.129897,206,3690.134855
239.083234,223,3690.675996
265.926597,325,3691.440447
294.619956,231,3692.038984
49.222017,158,3692.483443
244.636181,323,3693.287033
240.157393,268,3694.01796
276.795846,232,3694.586892
263.046989,259,3698.285136
225.779223,291,3699.08811
240.518621,263,3699.803627
287.97064,369,3700.700185
262.848092,356,3701.440012
229.7851,250,3701.884108
260.573795,227,3702.313241
261.511974,225,3705.07473
4.162554,265,3705.806729
269.863096,206,3706.275684
-21.023077,231,3706.7317
259.69016,229,3707.19042
249.537148,240,3707.648956
261.971217,252,3708.203259
299.484463,246,3708.714452
286.127185,229,3709.103823
243.128304,274,3711.445971
-2.733039,240,3711.913595
258.238176,266,3712.360968
277.253773,230,3712.785804
281.061496,207,3713.238573
230.935643,342,3714.020766
21.081348,226,3714.446007
262.714193,204,3714.793361
249.109665,253,3717.248182
264.729594,328,3717.817901
288.870327,202,3718.179806
250.347654,225,3718.618189
264.602249,378,3719.344915
268.521908,319,3719.952389
279.069738,311,3720.548461
288.283378,252,3723.143703
275.182024,315,3723.688928
260.620069,231,3724.096255
265.524208,257,3724.530734
285.757498,224,3724.920208
262.388071,222,3725.348764
267.131554,223,3725.756676
249.327893,227,3726.158293
270.761839,332,3728.901876
252.218709,256,3729.492468
282.736391,231,3730.010319
215.522168,289,3730.50866
239.092994,306,3731.034603
256.685158,214,3731.430766
141.651821,1000,3735.270993
123.470154,1000,3737.392552
269.864873,297,3738.121968
295.922264,233,3738.532921
298.152735,254,3741.020217
234.938781,307,3741.637392
249.321826,273,3742.186681
267.116471,235,3742.639558
233.204599,233,3743.065487
223.117791,290,3743.635453
265.273541,201,3744.032245
252.897002,325,3744.686403
256.397924,299,3747.372936
56.661665,163,3747.687258
262.159693,240,3748.123836
273.26823,295,3748.640749
12.554706,273,3749.138759
262.072318,353,3749.791438
284.394834,220,3750.202386
272.774425,230,3750.6041
265.623023,229,3753.060359
260.603677,319,3753.846305
52.0397,131,3754.103922
280.963797,227,3754.489719
270.701613,212,3754.852362
262.166007,220,3755.235525
260.847417,270,3755.706402
272.432661,407,3756.407365
11.881533,242,3758.849582
278.942355,205,3759.222546
22.952919,242,3759.685156
262.342804,314,3760.277446
291.110106,240,3760.728063
296.374946,190,3761.103983
272.041301,283,3761.763475
279.075246,229,3762.232452
12.936961,101,3762.403214
265.207879,260,3764.726293
220.878175,242,3765.157479
278.565488,258,3765.633738
21.650667,258,3766.088135
20.883467,274,3766.671909
282.389177,258,3767.166309
282.499218,239,3767.612397
248.682479,262,3768.093885
23.001754,269,3770.704877
278.304543,223,3771.094712
254.841182,246,3771.54395
238.038239,244,3771.983782
258.763997,234,3772.407201
259.946393,299,3772.952099
265.473689,301,3773.501669
236.823032,241,3773.964004
262.719663,213,3776.482542
269.013222,216,3776.922529
229.022213,468,3778.080375
253.750837,240,3778.503633
158.369504,1000,3782.417589
226.780862,271,3782.904788
244.936205,236,3783.366093
120.365013,1000,3785.441616
119.693496,1000,3789.513304
264.115598,273,3789.988239
237.330089,250,3790.465042
10.628618,218,3790.87838
263.385819,753,3792.301512
150.465251,1000,3796.252526
283.417974,243,3796.684491
279.950025,211,3797.062553
216.273967,415,3797.817677
104.959346,1000,3801.887389
245.044193,218,3802.311317
16.577354,264,3802.760555
260.860449,297,3803.292042
283.907935,694,3806.647519
109.279726,1000,3808.613232
163.631112,1000,3812.611269
265.219328,243,3813.050283
252.908792,265,3813.501626
285.386939,287,3814.007574
256.498781,214,3814.394706
134.332944,1000,3818.440217
233.077417,233,3818.829533
66.650351,162,3819.083875
308.345566,209,3819.450466
227.482524,248,3819.869239
254.642682,211,3820.234924
259.085002,263,3820.685739
239.791898,232,3821.083706
299.000788,233,3821.522657
280.974092,304,3824.044008
287.728368,239,3824.524099
160.469378,1000,3826.579225
273.721873,479,3827.375502
268.516711,589,3830.345875
285.047772,318,3830.922448
34.272491,259,3831.449666
263.416363,376,3832.172282
240.698446,258,3832.677509
52.393157,141,3832.93746
182.94233,1000,3836.907103
251.538732,333,3837.525815
276.41007,328,3838.139266
271.743727,247,3838.622382
230.034579,270,3839.111642
271.648702,331,3842.049639
233.750058,274,3842.537514
244.89559,254,3842.976929
248.443268,283,3843.437754
290.5934,220,3843.839205
186.396206,820,3845.312963
233.702501,255,3847.796052
292.112517,368,3848.457541
233.880446,248,3848.942015
301.341416,260,3849.546779
-6.951895,254,3850.128986
7.458933,262,3850.58073
289.075883,251,3851.017084
273.756004,303,3853.535223
229.2936,279,3854.056942
250.392939,219,3854.470586
296.816501,214,3854.853858
251.297223,315,3855.443938
28.10111,316,3856.008005
284.916212,210,3856.403314
218.275574,287,3856.974869
313.550251,199,3859.420964
275.43897,227,3859.82978
280.65859,236,3860.232199
229.209827,243,3860.66786
250.639629,266,3861.172
238.365829,311,3861.783533
248.903118,284,3862.299941
114.840909,1000,3866.420889
266.006209,325,3867.032283
250.683513,262,3867.473199
256.711452,278,3867.953408
264.496956,327,3868.534561
249.733518,319,3871.000815
246.751556,235,3871.430974
274.833158,408,3872.253141
274.741589,222,3872.67762
251.85777,273,3873.260686
215.005555,449,3874.226451
297.943697,198,3874.565861
260.971513,349,3876.984552
247.661738,300,3877.530738
110.96118,1000,3879.336118
253.425551,291,3879.852614
255.271305,366,3882.653102
241.288938,310,3883.165995
141.156554,1000,3884.986293
297.451221,202,3885.337152
259.667916,350,3885.959368
245.018666,270,3888.468921
260.953511,211,3888.899093
301.167775,223,3889.407669
25.841899,315,3890.0909
241.089129,260,3890.565922
301.268951,232,3890.954318
180.683673,1000,3894.718709
260.141869,384,3895.374017
258.129986,238,3895.840842
245.953069,234,3896.27725
251.679345,225,3896.693273
233.753703,261,3897.179805
271.480436,220,3897.739088
226.589124,246,3900.090905
244.853734,233,3900.503519
254.386339,263,3900.947172
278.28084,262,3901.422494
132.662914,1000,3903.271105
184.35492,1000,3907.41215
204.591624,417,3908.133631
249.8734,226,3908.535167
285.905215,213,3908.938709
264.992469,215,3909.321865
87.279007,1000,3913.335002
230.318802,246,3913.901238
237.880301,235,3914.391226
68.954288,139,3914.622309
253.814315,230,3915.00635
120.970528,1000,3918.74009
241.648897,316,3919.32243
277.992482,313,3919.934918
260.867546,255,3920.376897
156.396162,1000,3924.202494
148.829956,1000,3925.992225
254.773675,222,3926.380224
210.21482,346,3927.010886
236.917029,380,3930.028921
276.59826,404,3930.765253
223.292619,270,3931.210315
259.1607,207,3931.542442
267.134695,223,3931.920485
275.238374,193,3932.258996
283.258759,209,3932.634155
281.05484,196,3934.978495
273.352236,268,3935.517523
297.124101,196,3935.898796
85.800317,1000,3937.984526
137.180787,1000,3941.651897
239.287691,293,3942.184789
63.887108,144,3942.450079
302.490176,306,3943.012709
56.031765,153,3943.260608
300.644318,251,3943.728469
282.914871,239,3944.169734
175.046607,1000,3947.946244
276.323806,217,3948.32195
262.987441,348,3948.929736
263.170413,373,3949.756494
255.36173,309,3950.362983
260.176805,265,3952.914022
254.19038,255,3953.471167
234.833219,286,3954.10427
297.676937,181,3954.419579
243.004155,249,3954.844401
218.060085,243,3955.293293
63.093244,162,3955.574296
218.550902,292,3956.100248
256.841158,235,3958.525973
259.38111,284,3959.042877
265.036321,260,3959.521883
287.312509,328,3960.103789
228.074795,253,3960.603615
293.350591,193,3960.976958
255.903997,308,3961.687388
51.059584,145,3962.000877
301.37222,212,3964.251629
259.499877,211,3964.686673
259.133431,319,3965.298442
295.214715,191,3965.638692
281.394416,303,3966.225412
271.996237,332,3966.868379
273.567337,231,3967.306838
271.189754,213,3967.727225
61.508018,157,3968.023467
248.377698,232,3970.61923
264.558552,210,3970.984837
251.429834,359,3971.631716
234.35577,262,3972.066091
238.696315,231,3972.449347
180.032806,1000,3976.158198
300.022783,237,3976.621341
299.862889,197,3976.964025
278.764716,327,3977.711328
241.038458,228,3978.188566
125.769042,1000,3982.077754
254.105452,279,3982.500253
300.585903,211,3982.839021
257.472081,303,3983.374635
260.657542,281,3983.793332
224.413164,262,3984.22888
16.0328,112,3984.39558
276.670667,340,3984.89913
99.94244,1000,3989.023015
311.366529,213,3989.435567
264.323109,412,3990.121145
273.057693,244,3990.545202
239.009245,285,3991.036723
264.751747,349,3993.734486
252.89824,338,3994.437536
286.047887,218,3994.793097
238.192158,303,3995.312539
269.817852,324,3995.889953
268.815701,239,3996.290314
271.856537,265,3996.757496
287.336665,402,3999.536443
60.519867,151,3999.826123
234.43278,280,4000.394219
48.818527,154,4000.667208
69.474849,104,4000.863617
245.862378,222,4001.337685
276.964769,208,4001.839862
275.467641,231,4002.312351
64.221805,128,4002.533338
269.214829,300,4004.912214
305.267285,182,4005.247432
248.377757,408,4006.002144
286.526387,232,4006.427828
259.659809,257,4006.895454
278.398486,230,4007.342818
265.083523,260,4007.847385
265.242486,304,4008.417464
257.328196,283,4011.031659
50.606108,154,4011.280796
312.920612,205,4011.623353
270.943634,228,4012.017953
277.192987,297,4012.520902
176.23637,1000,4016.334427
253.514287,296,4016.903854
78.039769,1000,4018.895228
262.051884,246,4019.332972
173.948209,1000,4023.18717
286.477809,220,4023.616523
294.214927,204,4024.011666
239.799719,291,4024.533199
261.664579,239,4024.971167
263.156924,336,4025.77519
274.431949,386,4028.403217
305.224466,201,4028.788004
96.390464,1000,4030.687285
264.868623,313,4031.312201
262.183728,245,4031.773181
242.757938,260,4034.378372
48.033876,260,4034.793239
226.030951,244,4035.227892
57.0848,165,4035.500391
275.171472,358,4036.133235
257.393383,270,4036.611124
294.534856,250,4037.048297
75.026875,157,4037.317355
93.150234,174,4037.631812
256.340524,372,4040.29144
300.111163,218,4040.710588
262.638582,235,4041.146265
283.879329,250,4041.744976
250.467666,349,4042.417629
308.814867,257,4042.897292
300.655202,234,4043.293146
254.73958,299,4045.759678
268.279193,238,4046.20185
50.578983,149,4046.472223
247.238044,223,4046.896054
244.10227,233,4047.318377
238.677503,287,4047.840404
15.534226,155,4048.123662
256.135607,236,4048.546369
277.957217,253,4049.042974
278.924025,208,4051.18924
243.36307,230,4051.536884
164.925798,1000,4053.112002
247.707615,325,4053.677987
279.115415,237,4054.065864
274.992171,204,4056.279611
287.243595,203,4056.647976
249.847549,279,4057.239903
-3.066258,292,4057.892361
246.590928,268,4058.394845
-542.537417,262,4058.838626
108.951834,1000,4062.694368
289.801993,415,4063.51722
268.148081,246,4063.966528
261.202075,238,4064.407064
291.601827,262,4064.925687
281.921394,216,4065.427688
256.466842,344,4066.198521
155.429064,1000,4069.907843
287.53747,219,4070.328794
287.494689,244,4070.778427
268.652315,307,4071.330872
278.026928,298,4071.894618
258.056271,301,4074.630314
11.121331,278,4075.141404
278.926819,224,4075.539919
284.752319,263,4075.978509
115.953142,1000,4077.832316
241.878138,313,4080.443988
280.491896,227,4080.881141
236.484362,324,4081.604104
259.606838,280,4082.211598
226.26597,318,4082.776302
266.232064,404,4083.445455
300.972507,255,4085.96052
233.729818,268,4086.44807
262.244583,374,4087.138664
158.090318,1000,4089.040553
55.916991,146,4089.384214
116.600028,1000,4093.28873
251.180422,237,4093.755639
157.873436,1000,4095.754791
171.962365,1000,4099.727544
275.440239,312,4100.28071
266.1374,265,4100.774347
236.091808,221,4101.235597
253.793475,278,4103.830863
256.00154,286,4104.356377
274.550775,409,4105.302196
272.899771,202,4105.771041
230.566335,271,4106.334853
286.197618,327,4107.312017
297.887568,196,4107.720103
242.804574,236,4108.272731
273.414001,363,4111.288584
246.491124,333,4111.87658
295.49736,210,4112.267991
285.809424,366,4112.969212
283.268745,248,4113.49796
245.157973,304,4114.161331
252.571721,214,4114.564525
270.720038,251,4117.139512
270.950856,224,4117.618496
167.038031,1000,4119.763619
259.486917,231,4120.207584
264.425787,251,4120.684964
307.045211,209,4123.36444
134.813226,1000,4125.657135
262.664376,225,4126.109741
244.600133,274,4126.659916
233.19931,335,4127.314715
249.179841,277,4130.024966
264.354269,311,4130.64209
264.19824,255,4131.13099
247.888901,242,4131.593379
279.117693,207,4132.005739
278.432858,270,4132.592919
173.771744,1000,4136.630318
269.038501,383,4137.591823
171.090171,1000,4139.626947
245.380374,243,4140.083846
130.204158,1000,4144.21162
251.132391,338,4144.909705
255.496104,360,4145.836231
248.48339,264,4146.392887
261.93665,227,4148.733073
243.885954,259,4149.223139
301.415034,231,4149.71024
265.668084,323,4150.338331
255.664075,258,4150.830444
264.388474,305,4151.423379
255.29812,294,4151.987043
245.615777,242,4152.470158
289.038344,239,4155.217387
239.850453,418,4155.979504
272.873845,271,4156.511779
274.869386,204,4156.942735
222.948062,251,4157.458588
245.517022,325,4158.120948
286.089469,192,4158.532404
150.668699,1000,4162.890255
248.916476,243,4163.349839
262.704801,369,4164.112133
227.596179,229,4164.539652
289.374434,220,4164.983568
274.951355,240,4165.475203
139.13527,1000,4169.692748
267.45677,288,4170.340582
264.124968,280,4170.912485
231.557308,295,4171.433645
221.0785,245,4173.870148
-74.442493,276,4174.409481
238.163953,317,4175.059861
0.500501,303,4175.665345
-10.972668,230,4176.120788
96.857132,1000,4180.361779
230.63467,251,4180.859772
259.142557,317,4181.49465
274.684618,221,4181.954761
292.322217,249,4182.443336
-15.79997,262,4182.945767
279.118662,240,4183.435085
273.816615,424,4186.559231
302.208177,217,4186.953235
120.026476,1000,4188.903893
240.144377,297,4189.530625
269.191361,287,4190.094767
259.541694,314,4192.799414
137.31703,1000,4195.002805
121.259497,1000,4198.914014
263.349482,352,4199.59161
59.370898,163,4199.932317
300.593332,210,4200.381926
254.645921,337,4201.078759
260.588486,283,4201.837332
241.769552,254,4202.386932
242.674185,229,4202.831463
235.468072,251,4205.280244
281.43801,397,4206.075857
268.150583,233,4206.543264
63.876824,167,4206.877784
239.999662,321,4207.495932
252.731847,302,4208.107201
259.509789,247,4208.625316
225.986165,274,4209.186812
69.868541,173,4211.664747
214.465773,233,4212.099109
301.063298,201,4212.52907
291.449856,235,4212.997604
280.680958,215,4213.40351
270.227383,412,4214.173453
282.03586,211,4214.613314
300.710135,247,4215.12396
297.835351,214,4217.77773
283.201516,384,4218.598922
270.293924,218,4218.993527
271.630062,303,4219.527161
37.530903,139,4219.803285
255.386409,274,4220.30944
46.216277,164,4220.631436
280.566504,245,4221.178519
