rollout/ep_rew_mean,time/total_timesteps,time/iterations,time/time_elapsed,rollout/ep_len_mean,time/fps,train/learning_rate,train/explained_variance,train/n_updates,train/entropy_loss,train/approx_kl,train/value_loss,train/policy_gradient_loss,train/clip_fraction,train/loss,train/clip_range
-189.03536236363635,2048,1,3,89.68181818181819,582,,,,,,,,,,
-178.91039977777777,4096,2,8,88.88888888888889,462,0.00025,0.00019645691,10,-1.3833845112472773,0.005625593,1650.9973070144654,-0.005542583006899804,0.007958984375,472.0726013183594,0.2
-170.67344176923075,6144,3,14,92.95384615384616,435,0.00025,-0.08618498,20,-1.3778253842145205,0.0065275095,1228.0338020324707,-0.0057065223634708674,0.017626953125,704.0556030273438,0.2
-177.36663287951808,8192,4,19,97.55421686746988,421,0.00025,-0.021175265,30,-1.358559013158083,0.007088288,838.5472311019897,-0.009126839067903347,0.048876953125,307.514892578125,0.2
-184.12512853,10240,5,24,101.99,413,0.00025,-0.015742302,40,-1.3487863317131996,0.005578206,1189.6733879089356,-0.0027758366952184586,0.00234375,549.8088989257812,0.2
-175.5789901,12288,6,30,107.37,409,0.00025,-4.172325e-05,50,-1.3287100993096828,0.013643115,889.7315635681152,-0.006566309928894043,0.059521484375,304.0021667480469,0.2
-189.84663431,14336,7,35,112.89,403,0.00025,-0.00092196465,60,-1.257756895944476,0.009180949,373.64037971496583,-0.0068168710567988455,0.07529296875,153.33863830566406,0.2
-191.64330319999996,16384,8,40,120.63,401,0.00025,-0.00363791,70,-1.2500824231654406,0.00095084973,1149.7044673919677,-0.0009188113210257143,0.0,482.02569580078125,0.2
-186.1568235,18432,9,46,124.61,398,0.00025,-0.005660057,80,-1.2917084030807018,0.008150814,546.451336479187,-0.006128143021487631,0.032568359375,312.86279296875,0.2
-172.60068959000003,20480,10,51,126.94,397,0.00025,-0.009778023,90,-1.2450731363147498,0.012972799,337.1228972673416,-0.011805909224494825,0.164306640625,95.7201919555664,0.2
-162.70151915999998,22528,11,56,128.8,396,0.00025,-0.01709938,100,-1.2508678864687681,0.005555277,453.3503221035004,-0.004119949249434285,0.038037109375,216.87049865722656,0.2
-165.34689746,24576,12,62,134.44,395,0.00025,-0.0005351305,110,-1.2388629719614983,0.010840338,631.8854267120362,-0.008101227105362341,0.0662109375,304.82415771484375,0.2
-162.78125214000002,26624,13,67,137.01,394,0.00025,-0.0019339323,120,-1.210075019672513,0.0058134478,648.1110052585602,-0.0010177520685829221,0.012451171875,386.44622802734375,0.2
-142.63715716000002,28672,14,72,140.9,393,0.00025,-0.00057792664,130,-1.173586332052946,0.005880328,489.8246235847473,-0.002467252517817542,0.043896484375,217.99044799804688,0.2
-132.27501671,30720,15,78,142.64,392,0.00025,-1.5854836e-05,140,-1.2086400166153908,0.010713499,252.4612466096878,-0.005942041831440292,0.00849609375,185.65951538085938,0.2
-134.52957102,32768,16,83,151.23,392,0.00025,-0.00047636032,150,-1.1389527570456266,0.007901084,340.2453007221222,-0.003516319922346156,0.0494140625,157.51898193359375,0.2
-131.50992771,34816,17,88,154.32,392,0.00025,-0.000100016594,160,-1.156286222487688,0.0055163475,483.99466919898987,-0.005469754838850349,0.033154296875,166.24009704589844,0.2
-116.91223366999999,36864,18,94,156.68,391,0.00025,-1.5735626e-05,170,-1.141992388293147,0.009018827,448.6879165172577,-0.006491635608836077,0.076904296875,229.1712646484375,0.2
-107.50528096,38912,19,99,160.83,389,0.00025,-3.2186508e-06,180,-1.1390044838190079,0.007389445,366.8797580242157,-0.005265247359056957,0.03359375,231.5807342529297,0.2
-93.21192724000002,40960,20,105,159.45,388,0.00025,-2.1576881e-05,190,-1.1302981719374656,0.0032104272,432.95702505111694,-0.0019342320680152624,0.0046875,112.27428436279297,0.2
-83.59285896000002,43008,21,111,169.04,386,0.00025,4.708767e-06,200,-1.1396857354789973,0.0018938275,340.27592368125914,-0.002310569869587198,0.00810546875,163.65843200683594,0.2
-75.94145475,45056,22,117,187.63,384,0.00025,5.4061413e-05,210,-1.2218430679291488,0.0062730964,193.22847692966462,-0.0040569427626905965,0.015869140625,44.7681884765625,0.2
-77.55003413,47104,23,122,200.11,382,0.00025,6.169081e-05,220,-1.182664215937257,0.008805159,290.4018290758133,-0.003874191077193245,0.0701171875,363.45709228515625,0.2
-77.03742030000001,49152,24,128,210.9,382,0.00025,4.7922134e-05,230,-1.1587165709584952,0.007344761,263.4346545934677,-0.0041416151856537905,0.078466796875,81.18952941894531,0.2
-76.1144593,51200,25,134,220.19,381,0.00025,0.001626432,240,-1.167203103005886,0.0016741855,300.0698054552078,-0.002377164753852412,0.0,96.86190032958984,0.2
-74.46530605,53248,26,140,232.8,379,0.00025,0.055428624,250,-1.0905780468136073,0.00459027,227.42290794849396,-0.0027495016722241415,0.0091796875,184.4315185546875,0.2
-69.36285373000001,55296,27,146,245.24,378,0.00025,0.28334355,260,-1.137173779308796,0.0025501319,203.35605245828629,-0.0019262644796981475,0.000439453125,107.2983169555664,0.2
-66.82444519000002,57344,28,151,261.15,377,0.00025,0.4534337,270,-1.1636499401181937,0.0040818676,118.49736386537552,-0.0022727439616573976,0.00146484375,41.22135543823242,0.2
-57.3273824,59392,29,157,268.89,377,0.00025,0.59473705,280,-1.2285849492996932,0.011593793,46.182979381084444,-0.007005711636156775,0.137939453125,16.720184326171875,0.2
-60.37657483000001,61440,30,162,281.63,377,0.00025,0.58666945,290,-1.1050876814872026,0.008891636,103.17711873054505,-0.0061173231020802635,0.035791015625,46.71989059448242,0.2
-56.33669924,63488,31,168,295.25,377,0.00025,0.30274814,300,-1.1222237586975097,0.0040141144,291.71277598142626,-0.0019510956830345095,0.004736328125,213.47393798828125,0.2
-52.933859459999994,65536,32,173,305.03,376,0.00025,0.48449785,310,-1.1008730355650187,0.0075201867,148.08001655340195,-0.006074901077954564,0.031689453125,35.88924789428711,0.2
-49.62656699,67584,33,179,324.27,375,0.00025,0.26672423,320,-1.0801372345536948,0.0027980679,212.44768204689026,-0.001654333106125705,0.002197265625,19.162273406982422,0.2
-46.39511738,69632,34,185,340.69,374,0.00025,0.5705858,330,-1.0525246534496546,0.003702498,74.13305816054344,-0.0017701202872558498,0.007275390625,24.957807540893555,0.2
-47.558502399999995,71680,35,191,353.29,374,0.00025,0.36555892,340,-1.0690106190741062,0.0039977613,129.86576679944991,-0.005446016970381606,0.026513671875,80.6781997680664,0.2
-46.73194746,73728,36,196,369.69,374,0.00025,0.24859858,350,-1.0087122660130263,0.0038822698,161.66043370962143,-0.006230366867384873,0.02021484375,25.5900936126709,0.2
-45.97234450999999,75776,37,202,383.1,375,0.00025,0.5252497,360,-1.0552309706807137,0.010518746,121.33853957653045,-0.010274611535714939,0.074951171875,67.21131896972656,0.2
-42.16465805,77824,38,207,399.24,375,0.00025,0.61614555,370,-1.0347625786438583,0.0044377637,85.96768952012062,-0.00496812499477528,0.017578125,56.38092041015625,0.2
-39.7654019,79872,39,213,411.08,374,0.00025,0.75394094,380,-1.0508155070245266,0.009509388,44.02865077257157,-0.011850178630265874,0.08779296875,32.5538215637207,0.2
-35.94720049,81920,40,218,427.69,374,0.00025,0.6610686,390,-1.0741756524890662,0.0068399375,69.2126832395792,-0.005021129087253939,0.062939453125,10.345953941345215,0.2
-34.01628332,83968,41,224,444.9,374,0.00025,0.7845274,400,-1.028046252578497,0.0053948592,39.01160017848015,-0.005489538467372768,0.0630859375,15.108344078063965,0.2
-27.17716231,86016,42,229,470.02,374,0.00025,0.8584421,410,-1.0514332856982946,0.0074588573,25.00484926700592,-0.005231039086356759,0.062109375,11.118362426757812,0.2
-24.76070917,88064,43,235,485.67,374,0.00025,0.8479166,420,-1.0385016759857535,0.004802949,29.08476403951645,-0.003811673019663431,0.027978515625,14.706735610961914,0.2
-21.77937746,90112,44,240,502.42,373,0.00025,0.5055218,430,-0.9187739368528127,0.006953779,74.9241911560297,-0.004675592298735864,0.044140625,7.357994079589844,0.2
-21.24359117,92160,45,246,513.5,374,0.00025,0.8668566,440,-1.073092445731163,0.010139693,16.92640490233898,-0.005631894513498992,0.110009765625,7.210960865020752,0.2
-21.20335368,94208,46,251,530.76,374,0.00025,0.72743535,450,-0.8896809101104737,0.0073268167,42.98934260308742,-0.006611743471876252,0.08857421875,5.797868728637695,0.2
-20.854808770000005,96256,47,257,539.95,373,0.00025,0.39429224,460,-0.9856043273583055,0.004734226,212.24525973796844,-0.004100830586685334,0.028564453125,48.4118766784668,0.2
-20.39360191,98304,48,262,544.07,373,0.00025,0.63079,470,-0.9358784779906273,0.005784573,145.72896153330802,-0.0021007938485126942,0.015478515625,56.24357986450195,0.2
-20.02479475,100352,49,268,554.37,373,0.00025,0.8166206,480,-0.9826670838519931,0.0077603157,47.74077649563551,-0.004524876168579795,0.046728515625,11.179886817932129,0.2
-14.333796680000003,102400,50,273,559.53,373,0.00025,0.7027619,490,-1.0136317839846014,0.007506213,87.48371511399746,-0.0034461747505702077,0.0955078125,17.25894546508789,0.2
-9.385813990000003,104448,51,279,573.95,373,0.00025,0.72968197,500,-0.9817370630800724,0.013346551,100.25620417296886,-0.004767717837239616,0.078125,79.54497528076172,0.2
-6.410021240000001,106496,52,284,588.92,374,0.00025,0.91100365,510,-0.9011959686875344,0.008380589,16.988111540675163,-0.004168516062782146,0.061328125,5.631435394287109,0.2
-4.390653520000002,108544,53,290,604.78,373,0.00025,0.89884925,520,-0.9338464386761188,0.01342177,13.439048732817174,-0.0035837446790537796,0.104541015625,2.5759363174438477,0.2
-1.5574544800000008,110592,54,295,605.05,373,0.00025,0.87771153,530,-0.8320934936404228,0.007321745,15.46197671815753,-0.008002412143105176,0.097607421875,15.611440658569336,0.2
0.8801746199999982,112640,55,301,618.79,373,0.00025,0.47521937,540,-0.9021626532077789,0.003782298,141.7707878112793,-0.004647885388112627,0.031884765625,36.920318603515625,0.2
3.9995170199999976,114688,56,307,625.29,373,0.00025,0.6607113,550,-0.8605903929099441,0.004541941,93.4238372027874,-0.0031060850946232677,0.0201171875,11.703049659729004,0.2
5.8269532,116736,57,312,633.8,373,0.00025,0.7531182,560,-0.8326092654839158,0.008148635,36.828471918404105,-0.0024920143390772865,0.0818359375,21.43599510192871,0.2
9.714049829999999,118784,58,318,649.03,373,0.00025,0.7196213,570,-0.9785188473761082,0.0050363922,124.94302110671997,-0.0036158528993837534,0.0322265625,49.634376525878906,0.2
11.20378526,120832,59,323,652.51,373,0.00025,0.83817106,580,-0.8262096453458071,0.0053205052,29.379586976766586,-0.003225415325141512,0.038232421875,10.110875129699707,0.2
12.54485641,122880,60,329,649.33,372,0.00025,0.60732144,590,-0.8705421626567841,0.020465013,90.86751648187638,-0.006820774532388896,0.0798828125,54.143028259277344,0.2
16.087706009999998,124928,61,335,660.39,372,0.00025,0.70006585,600,-0.6699808659031987,0.004187864,61.4301510900259,-0.005961221289180685,0.055908203125,15.089828491210938,0.2
22.24108875,126976,62,341,666.45,371,0.00025,0.689651,610,-0.7710045393556356,0.0050818734,76.911694817245,-0.0026812485280970576,0.056640625,33.703224182128906,0.2
26.237541439999994,129024,63,347,673.84,371,0.00025,0.6094289,620,-0.9086228428408504,0.0069920225,173.60088049173356,-0.005509622775571188,0.051123046875,99.92620849609375,0.2
27.572663230000003,131072,64,353,680.65,370,0.00025,0.8353313,630,-0.8533614723011851,0.01305313,17.622743545472623,-0.006567793936119415,0.10361328125,5.421457290649414,0.2
29.075332319999994,133120,65,358,690.98,370,0.00025,0.52177066,640,-0.8436090460047125,0.0071790786,121.21667265444994,-0.0032473146740812807,0.05302734375,11.359410285949707,0.2
33.414575129999996,135168,66,364,699.73,370,0.00025,0.7554956,650,-0.8413401853293181,0.00872908,49.03510212302208,-0.009679469298862386,0.086865234375,6.388254165649414,0.2
37.54514872,137216,67,369,694.5,371,0.00025,0.60294914,660,-0.8281155746430159,0.004523391,95.55504148602486,-0.0035900885282899252,0.038427734375,10.479260444641113,0.2
42.74678094,139264,68,375,695.89,370,0.00025,0.5461947,670,-0.8753874875605107,0.002961697,119.88978838920593,-0.0019784048345172778,0.01259765625,21.425790786743164,0.2
48.201697,141312,69,381,704.95,370,0.00025,0.5761631,680,-0.9219099685549736,0.0030533397,146.82284771800042,-0.0024369805585592987,0.034228515625,87.23886108398438,0.2
54.03086534,143360,70,387,712.69,370,0.00025,0.6632596,690,-0.8350830342620611,0.0046221307,65.80211616456509,-0.0038006875896826387,0.047705078125,5.667224407196045,0.2
56.93619888,145408,71,392,710.41,370,0.00025,0.6053541,700,-0.8763805968686939,0.0047981124,126.44375062286854,-0.002497054215928074,0.019287109375,67.6822280883789,0.2
61.470528689999995,147456,72,398,707.16,370,0.00025,0.6084507,710,-0.8539092445746064,0.0043355785,181.74598094820976,-0.002984670783916954,0.044775390625,47.47642517089844,0.2
60.9589302,149504,73,403,700.63,370,0.00025,0.66760427,720,-0.8123354969546199,0.003995371,93.66111295819283,-0.001457561890129,0.02509765625,49.63462448120117,0.2
58.809509989999995,151552,74,409,687.55,370,0.00025,0.35353446,730,-0.9487989563494921,0.0073305042,212.1970656991005,-0.005244907781889197,0.04990234375,152.3957977294922,0.2
58.71625374,153600,75,415,675.31,370,0.00025,0.49840045,740,-0.7680172819644213,0.008422108,146.9088247090578,-0.0019832935780868866,0.08984375,62.66374588012695,0.2
53.5027535,155648,76,420,668.78,370,0.00025,0.56065655,750,-0.8802110351622104,0.004840645,139.29089299440383,-0.0070633741182973605,0.04921875,57.713706970214844,0.2
54.94083141,157696,77,426,661.72,370,0.00025,0.69553196,760,-0.9468294767662883,0.005472593,108.88623650074005,-0.0031110084179090335,0.07890625,33.537471771240234,0.2
59.909876759999996,159744,78,431,665.93,369,0.00025,0.732581,770,-0.9034402744844556,0.0060676523,102.95453790426254,-0.0012560572897200473,0.0455078125,108.93657684326172,0.2
64.61017537,161792,79,437,669.74,370,0.00025,0.7244909,780,-0.770105668157339,0.0070820116,69.0717589378357,-0.002761838914011605,0.06171875,29.063814163208008,0.2
71.22198248999999,163840,80,442,669.07,370,0.00025,0.77396524,790,-0.8339461660012603,0.005810778,73.22205767035484,-0.0037239502707961947,0.05380859375,16.654769897460938,0.2
71.47205009,165888,81,448,667.07,369,0.00025,0.8070872,800,-0.8412739634513855,0.006869292,63.68717738240957,-0.0014758177771000192,0.0556640625,18.404279708862305,0.2
70.05194314,167936,82,454,671.98,369,0.00025,0.5934846,810,-0.8628298886120319,0.0064124297,131.08703683018683,-0.0021934292075457052,0.038525390625,36.71805953979492,0.2
74.85347711,169984,83,460,683.01,368,0.00025,0.8092477,820,-0.9359546294435859,0.007694685,57.702667674422266,-0.0022265235136728736,0.062158203125,34.396751403808594,0.2
77.60432065,172032,84,466,672.75,368,0.00025,0.8148595,830,-0.8037251370027662,0.0053524286,42.825671738386156,-0.0016661254223436118,0.0408203125,11.954535484313965,0.2
79.85334268,174080,85,472,660.99,368,0.00025,0.8519568,840,-0.7914706068113446,0.006682799,52.15306543111801,-0.00218533166043926,0.049951171875,32.09211349487305,0.2
85.07729943,176128,86,479,658.34,367,0.00025,0.86371875,850,-0.9013291139155626,0.0056328056,40.43645732104778,-0.0026799596496857704,0.052392578125,18.19512367248535,0.2
87.66783559999998,178176,87,484,655.87,367,0.00025,0.8845191,860,-0.8708473263308406,0.00589763,37.066015030443666,-0.0028607566375285385,0.075927734375,9.11423110961914,0.2
89.4449673,180224,88,490,662.54,367,0.00025,0.88040143,870,-0.7740439515560865,0.006995762,32.2905272424221,-0.007733332004863769,0.05703125,2.6308114528656006,0.2
96.99267235999997,182272,89,496,661.84,367,0.00025,0.56230855,880,-0.791416573151946,0.0029866013,124.63885315656663,-0.0012817798997275531,0.02158203125,6.663939476013184,0.2
100.69632704,184320,90,501,657.86,367,0.00025,0.635116,890,-0.7955026568844914,0.002313177,103.12904054522514,-0.0004237586021190509,0.019873046875,75.16485595703125,0.2
102.46289001,186368,91,507,648.43,367,0.00025,0.6126696,900,-0.7939088067039848,0.0051705595,73.96913276016713,-0.0028924135520355778,0.05390625,19.1835994720459,0.2
103.34145255,188416,92,512,644.52,367,0.00025,0.68392086,910,-0.8949135273694993,0.013735232,110.51445073187351,-0.0036038437116076238,0.0939453125,9.846061706542969,0.2
102.86618969,190464,93,518,639.48,367,0.00025,0.76485217,920,-0.9080233471468091,0.005524841,77.42436456978321,-0.001426487200660631,0.098095703125,41.934654235839844,0.2
102.58988831,192512,94,523,626.72,367,0.00025,0.6342312,930,-0.828180635906756,0.005497054,147.1583649545908,-0.0036290478048613293,0.03681640625,48.3112678527832,0.2
102.66758451000001,194560,95,529,616.16,367,0.00025,0.39935774,940,-0.801640598475933,0.0035006553,221.03051654100418,-0.0028140230497228913,0.01435546875,82.43901824951172,0.2
101.55156414000001,196608,96,535,609.37,367,0.00025,0.5060806,950,-0.8242150917649269,0.0030343537,173.120291236043,-0.0018597806527395732,0.03935546875,27.530681610107422,0.2
99.39525964,198656,97,540,605.1,367,0.00025,0.49244237,960,-0.8580479882657528,0.005001814,148.89808613061905,-0.004959179874276742,0.03544921875,24.03304100036621,0.2
95.69804614000003,200704,98,546,596.17,367,0.00025,0.6095946,970,-0.8485637126490474,0.0031193814,98.20152922868729,-0.002006006077863276,0.016943359375,50.6165657043457,0.2
95.46787237000001,202752,99,552,598.7,367,0.00025,0.6157946,980,-0.8491620311513544,0.007147561,174.86189581751825,-0.003478613996412605,0.06318359375,50.367923736572266,0.2
99.17750052999997,204800,100,557,596.17,367,0.00025,0.54883075,990,-0.8146658558398485,0.003551869,105.5372741818428,0.0005674362066201866,0.02822265625,10.23651123046875,0.2
96.45561755,206848,101,563,591.01,367,0.00025,0.71332574,1000,-0.7872556835412979,0.0053550377,91.53075278997422,-0.002632405965414364,0.064501953125,28.649723052978516,0.2
101.60095211999999,208896,102,568,587.2,367,0.00025,0.8072876,1010,-0.7680305702611804,0.005706636,64.10209937393665,-0.005350894863659051,0.12119140625,13.726987838745117,0.2
102.85965207999999,210944,103,574,582.76,367,0.00025,0.7788959,1020,-0.8459933320060372,0.0050769304,79.12194875478744,-0.0027661198560963384,0.038671875,12.374330520629883,0.2
105.84698980000002,212992,104,579,578.46,367,0.00025,0.6545718,1030,-0.7890291368588805,0.0044774585,133.36714381575584,-0.0021253237071505284,0.0392578125,58.7408332824707,0.2
110.95501502,215040,105,585,582.4,367,0.00025,0.7575661,1040,-0.7764193195849657,0.0068931254,81.04966222047806,-0.0036101357109146193,0.06484375,20.417282104492188,0.2
111.51522344000001,217088,106,590,575.26,367,0.00025,0.7287717,1050,-0.7406362598761916,0.016825076,36.585087434202435,-0.006597655278164893,0.100048828125,8.440313339233398,0.2
104.51291495,219136,107,596,567.28,367,0.00025,0.90464634,1060,-0.8326554618775844,0.009067191,29.19682309627533,-0.003139338857727125,0.075048828125,8.584624290466309,0.2
103.23869250999998,221184,108,601,571.47,367,0.00025,0.6064762,1070,-0.8706045905128121,0.005299229,156.84057215452194,-0.003572670154972002,0.059814453125,128.625732421875,0.2
104.45561400999999,223232,109,607,568.85,367,0.00025,0.80285835,1080,-0.753922650590539,0.005530232,20.780551404505967,-0.002790359595383052,0.039404296875,10.875202178955078,0.2
108.83614916,225280,110,613,558.42,367,0.00025,0.50378865,1090,-0.7211945598945022,0.0029933434,123.02226621210575,-0.003450214531039819,0.02119140625,36.25457000732422,0.2
105.10544172,227328,111,618,547.88,367,0.00025,0.495583,1100,-0.7400500355288386,0.004642823,128.6206482708454,-0.0013323011648026296,0.025927734375,44.77157211303711,0.2
103.04166205,229376,112,624,542.21,367,0.00025,0.47324264,1110,-0.7528910538181662,0.0035513584,186.25052213668823,-0.0026271932656527497,0.020947265625,40.2529411315918,0.2
103.37668821,231424,113,629,535.44,367,0.00025,0.6472175,1120,-0.7735628200694918,0.0036043802,94.36868089735508,-0.0004976869706297294,0.023974609375,17.021108627319336,0.2
107.12170497999999,233472,114,635,532.31,367,0.00025,0.5955217,1130,-0.7970413008704782,0.0067876833,91.51361109018326,-0.0010137598394067027,0.06220703125,28.036869049072266,0.2
104.97382458999999,235520,115,641,525.8,367,0.00025,0.772766,1140,-0.7925366096198558,0.012898905,49.05632799863815,-0.002386388718150556,0.11240234375,5.285346031188965,0.2
106.54506239999999,237568,116,646,518.98,367,0.00025,0.71116364,1150,-0.7777870081365108,0.0067034485,114.32286089658737,-0.0038277252329862676,0.06533203125,13.57547378540039,0.2
102.79393491,239616,117,652,519.85,367,0.00025,0.97483003,1160,-0.7571012312546372,0.0072175027,21.040790479630232,-0.0017490953468950465,0.086474609375,4.454076766967773,0.2
103.08489104,241664,118,657,516.5,367,0.00025,0.57416546,1170,-0.7850693369284272,0.0034805532,153.07314510047436,-0.0017277190345339477,0.029541015625,70.21033477783203,0.2
104.90970134999999,243712,119,663,513.72,367,0.00025,0.74790394,1180,-0.8042299868538976,0.004416334,107.62159030437469,-0.0013896747346734627,0.033203125,8.695582389831543,0.2
113.09250675999999,245760,120,670,513.2,366,0.00025,0.6913456,1190,-0.8234447441995144,0.002130944,166.66661865115165,-0.0012141156417783349,0.024169921875,33.33250045776367,0.2
114.95532371000002,247808,121,676,506.65,366,0.00025,0.814454,1200,-0.8362132569774985,0.007892035,30.361680153012276,-0.0031782034813659264,0.08662109375,8.634575843811035,0.2
118.22989463999998,249856,122,682,505.34,366,0.00025,0.67329943,1210,-0.7212098594754934,0.004205276,121.69471783936024,-0.0020860955875832586,0.036328125,98.02902221679688,0.2
125.25928760999999,251904,123,689,498.78,365,0.00025,0.6318049,1220,-0.7261420605704189,0.004938555,186.60735708773137,-0.0010240742281894199,0.025732421875,97.71553802490234,0.2
123.86878636999998,253952,124,696,495.91,364,0.00025,0.89628154,1230,-0.7414383729919791,0.003890848,34.41353566646576,-0.0014413257973501458,0.02236328125,14.633074760437012,0.2
124.49340076,256000,125,703,501.8,364,0.00025,0.6465149,1240,-0.7938639648258686,0.007955394,101.91535977423192,-0.0036278093815781177,0.068603515625,14.152664184570312,0.2
119.1322022,258048,126,709,500.97,363,0.00025,0.7724689,1250,-0.6664765624329447,0.0029113062,38.354012195765975,-0.0014386107359314337,0.01845703125,15.043924331665039,0.2
116.34406099000002,260096,127,715,498.58,363,0.00025,0.4536354,1260,-0.7637815641239285,0.011701707,162.48651199042797,-0.0015895327320322394,0.073583984375,67.00418853759766,0.2
119.12632575000002,262144,128,721,489.81,363,0.00025,0.5852577,1270,-0.7797332836315036,0.0058364617,152.34261511564256,-0.005528379848692566,0.05869140625,107.11550903320312,0.2
116.44220584000003,264192,129,727,479.37,362,0.00025,0.73713654,1280,-0.7300548555329442,0.0022591944,101.8851356446743,-0.0005106681943289004,0.020556640625,64.47577667236328,0.2
112.63617895000003,266240,130,734,477.49,362,0.00025,0.693889,1290,-0.7645589089021086,0.0025744557,137.41132986545563,-7.499523926526308e-05,0.01318359375,49.150611877441406,0.2
115.41291039,268288,131,740,465.99,362,0.00025,0.4975472,1300,-0.7337268946692348,0.036868975,207.29931853711605,-0.010785245476290584,0.073583984375,110.00434112548828,0.2
113.40929834999997,270336,132,746,467.09,362,0.00025,0.5442182,1310,-0.7826022582128644,0.005139792,93.79907254576683,-0.0021636663368553855,0.0498046875,119.14324188232422,0.2
113.71635799999999,272384,133,753,462.76,361,0.00025,0.6802876,1320,-0.7424517199397087,0.005379081,95.69525599330663,-0.006650291921687312,0.101708984375,19.41950035095215,0.2
119.13076835,274432,134,759,467.59,361,0.00025,0.7727468,1330,-0.697996805794537,0.005294909,94.47176076769829,-0.002880946586083155,0.038818359375,45.81001281738281,0.2
118.85900009,276480,135,766,471.11,360,0.00025,0.7148062,1340,-0.7130182459950447,0.00772151,124.18238499760628,-0.0026758353211334906,0.056640625,92.93458557128906,0.2
117.32322597999999,278528,136,772,460.03,360,0.00025,0.7453704,1350,-0.5978486542589962,0.020303385,82.14934562146664,-0.00558739872649312,0.086474609375,31.956050872802734,0.2
114.63992747,280576,137,778,459.15,360,0.00025,0.82261497,1360,-0.708809032663703,0.005263458,103.76341378986835,-0.002863394861924462,0.082177734375,10.880306243896484,0.2
106.61532885999998,282624,138,785,457.86,359,0.00025,0.7277722,1370,-0.7664289971813559,0.009392492,131.66415558606386,-0.004763124442251865,0.050439453125,42.50327682495117,0.2
110.36800535999998,284672,139,791,456.52,359,0.00025,0.7939263,1380,-0.7033552523702383,0.0028374542,139.54052060842514,-0.0025987448345404117,0.02802734375,30.580379486083984,0.2
110.49074565,286720,140,797,457.0,359,0.00025,0.8288457,1390,-0.6937661083415151,0.006005245,102.19694862365722,-0.003928470698883757,0.04580078125,78.56961059570312,0.2
114.34785111999997,288768,141,803,459.42,359,0.00025,0.8521734,1400,-0.7407071145251394,0.0048419153,77.37052786052227,-0.0006936287114513107,0.0626953125,20.149986267089844,0.2
112.73515223999999,290816,142,810,460.58,358,0.00025,0.7909274,1410,-0.7022654194384813,0.0056259553,140.09724101126193,-0.00356217095250031,0.05205078125,13.778667449951172,0.2
112.16698657999997,292864,143,816,462.42,358,0.00025,0.4900245,1420,-0.6763369981199503,0.0026791051,156.56648773252965,-0.002011520307860337,0.02490234375,48.52082824707031,0.2
109.99245340999998,294912,144,822,467.72,358,0.00025,0.8262388,1430,-0.6948080284520983,0.004000774,59.37567188292742,-0.0010767272106022574,0.04677734375,15.833582878112793,0.2
115.32444208999999,296960,145,828,469.66,358,0.00025,0.6428047,1440,-0.5244617792777717,0.0025134778,126.868594622612,-0.0019228761535487137,0.022314453125,87.79967498779297,0.2
106.00193682000001,299008,146,835,471.26,357,0.00025,0.8744607,1450,-0.48245486421510575,0.005303992,37.170206633210185,-0.004607166424102615,0.06015625,10.809560775756836,0.2
107.56753255,301056,147,841,474.36,357,0.00025,0.54606485,1460,-0.7087676843628288,0.0063892733,177.6116609811783,-0.0015772897182614542,0.04013671875,27.193452835083008,0.2
106.32815223,303104,148,848,467.64,357,0.00025,0.7187393,1470,-0.6418265094980597,0.0032835184,118.42405680418014,-0.002102103104698472,0.021875,21.369604110717773,0.2
114.50054406999998,305152,149,854,467.62,357,0.00025,0.71067595,1480,-0.6639221880584956,0.0075842706,130.21706655919553,-0.006101236816903111,0.064599609375,43.15391159057617,0.2
117.66643403,307200,150,860,470.96,356,0.00025,0.782511,1490,-0.726162257604301,0.006505848,71.26744297146797,-0.001776250962575432,0.07451171875,64.24530029296875,0.2
115.74896864000002,309248,151,867,477.6,356,0.00025,0.59952474,1500,-0.6990033289417624,0.0034903158,105.08517432808875,-0.0017787006188882514,0.037939453125,81.04446411132812,0.2
113.94725841000002,311296,152,873,483.44,356,0.00025,0.67163384,1510,-0.6043893405236304,0.009739151,126.79462393820286,-0.004248156430548988,0.0568359375,61.51448440551758,0.2
112.54894287,313344,153,880,489.87,355,0.00025,0.70065445,1520,-0.652637873776257,0.008154636,67.68693810254335,-0.002867604518542066,0.133642578125,27.264413833618164,0.2
110.52134139000002,315392,154,886,495.17,355,0.00025,0.8337518,1530,-0.7778614655137062,0.007012994,70.15097295939923,-0.004508635346428491,0.05908203125,35.312644958496094,0.2
109.2417769,317440,155,892,502.73,355,0.00025,0.5449685,1540,-0.7382414968684315,0.0028628192,160.41748226881026,-0.0028392734297085554,0.0546875,37.8814811706543,0.2
111.61663947999999,319488,156,899,504.89,355,0.00025,0.4346106,1550,-0.7467921875417233,0.0070154667,168.74155274629592,-0.005057590988872107,0.084619140625,93.64888763427734,0.2
117.26980542000001,321536,157,905,507.42,354,0.00025,0.39030504,1560,-0.6691546743735671,0.0070403237,128.41134610772133,-0.004060196373029612,0.065478515625,24.916711807250977,0.2
112.49692933,323584,158,912,510.77,354,0.00025,0.77232075,1570,-0.7718064663931727,0.0046919566,35.364983323216435,-0.002122809863067232,0.052978515625,10.889245986938477,0.2
109.10781113000002,325632,159,918,511.43,354,0.00025,0.50896215,1580,-0.7927527481690049,0.0047903406,193.31177802681924,-0.0015548415729426778,0.042578125,61.866432189941406,0.2
103.9711924,327680,160,925,512.74,354,0.00025,0.6446974,1590,-0.7508379381150008,0.0037034308,137.2493176341057,-0.0019318634454975835,0.048388671875,49.73693084716797,0.2
97.04320295000001,329728,161,931,515.69,353,0.00025,0.74931073,1600,-0.69638357385993,0.007663713,64.75486408174038,-0.00397439031949034,0.09716796875,50.484596252441406,0.2
100.63858556000001,331776,162,938,521.05,353,0.00025,0.7503188,1610,-0.7441256780177354,0.0077748965,126.31438374221325,-0.0053627403263817545,0.06826171875,46.589439392089844,0.2
105.98801415000001,333824,163,944,534.17,353,0.00025,0.7733083,1620,-0.6378318216651678,0.0099500455,57.24332191199064,-0.0025643970453529618,0.090966796875,18.03057098388672,0.2
107.19524879000001,335872,164,951,534.1,352,0.00025,0.86556107,1630,-0.6392086116597057,0.01678029,60.34773266464472,-0.002867213984427508,0.1126953125,14.053078651428223,0.2
102.16598210000001,337920,165,958,529.11,352,0.00025,0.80161786,1640,-0.7222188398241997,0.006134147,121.30028641223907,-0.004695710819214582,0.04892578125,35.53217315673828,0.2
97.84912317999999,339968,166,965,535.57,352,0.00025,0.69593525,1650,-0.7671895341947674,0.004276202,144.43447635769843,-0.004552469638292677,0.024609375,14.12811279296875,0.2
94.09232759000001,342016,167,972,533.14,351,0.00025,0.7826118,1660,-0.8226149406284093,0.0037479687,104.4477681517601,-0.0021286220304318703,0.07275390625,43.56458282470703,0.2
93.15260039,344064,168,980,536.21,351,0.00025,0.798451,1670,-0.7667412428185344,0.0061803823,114.40008861273527,-0.0006991187576204539,0.0482421875,44.02587890625,0.2
92.09523394000001,346112,169,986,539.86,350,0.00025,0.84417105,1680,-0.7219567332416773,0.005909822,76.43179922103882,-0.0037034167267847805,0.062353515625,41.41678237915039,0.2
86.73295145999998,348160,170,993,536.38,350,0.00025,0.86995345,1690,-0.837626333348453,0.0105912965,50.976007694005965,-0.004629516834393143,0.12861328125,6.44027853012085,0.2
80.0278497,350208,171,1000,530.05,350,0.00025,0.7499309,1700,-0.7310998018831014,0.005523637,139.79457733035088,-0.0010773822985356673,0.0447265625,55.077659606933594,0.2
80.28444288,352256,172,1007,523.14,349,0.00025,0.72588086,1710,-0.6867681719362736,0.0043663955,153.69882110357284,-0.001839446859958116,0.0314453125,73.6578369140625,0.2
76.1661856,354304,173,1013,524.18,349,0.00025,0.7161018,1720,-0.732695372775197,0.0050017787,168.63147709965705,-0.0017395256421878003,0.035791015625,69.19882202148438,0.2
75.33451834,356352,174,1019,522.39,349,0.00025,0.7818291,1730,-0.7960240064188838,0.0061469814,91.54338050782681,-0.0021305400965502485,0.048486328125,36.962371826171875,0.2
77.48501908999998,358400,175,1026,519.93,349,0.00025,0.7519281,1740,-0.7402578102424741,0.0032581915,115.13387216031552,-0.0016906264019780793,0.028466796875,49.808101654052734,0.2
71.52606212,360448,176,1032,509.25,348,0.00025,0.85641104,1750,-0.6987318962812423,0.005479105,70.10030502974988,-0.0016197192715480923,0.050732421875,21.071704864501953,0.2
76.02193749,362496,177,1039,498.97,348,0.00025,0.49028623,1760,-0.7786492062732577,0.011840424,175.22590872645378,-0.008278449860517867,0.089208984375,22.107065200805664,0.2
77.2290647,364544,178,1046,491.77,348,0.00025,0.39711165,1770,-0.7581801218912005,0.0071044685,169.09651744961738,-0.0013716617613681592,0.065966796875,15.135854721069336,0.2
79.86237238,366592,179,1052,481.38,348,0.00025,0.65940267,1780,-0.6913184402510524,0.0036140168,129.43016865700483,-0.0033830034764832815,0.044140625,8.202632904052734,0.2
77.52182318,368640,180,1059,477.91,347,0.00025,0.7400733,1790,-0.7713788831606507,0.007986179,103.38900049030781,-0.004249368322780356,0.102197265625,38.31238555908203,0.2
76.40727821000002,370688,181,1065,465.45,347,0.00025,0.78317815,1800,-0.6602781077846884,0.0067073284,122.35665226578712,-0.0028118702859501353,0.05595703125,58.08946228027344,0.2
82.61228512,372736,182,1072,452.5,347,0.00025,0.74170196,1810,-0.713940067589283,0.003160922,220.3640921354294,-0.0016630107478704304,0.020263671875,119.7119369506836,0.2
85.30164213000002,374784,183,1079,445.04,347,0.00025,0.8215672,1820,-0.6966793684288859,0.005411636,93.84169591218233,-0.0031991849682526663,0.0537109375,35.25570297241211,0.2
81.65437257,376832,184,1086,430.07,346,0.00025,0.764318,1830,-0.6665853258222342,0.003325366,144.48427696228026,-0.0025512204476399345,0.033349609375,120.64363861083984,0.2
84.89539377000001,378880,185,1094,428.31,346,0.00025,0.74090654,1840,-0.7554505469277502,0.0061977603,116.2565378844738,-0.0008203627468901687,0.06611328125,135.65882873535156,0.2
93.89464989000003,380928,186,1101,427.71,345,0.00025,0.7528645,1850,-0.6848570311442017,0.0032554094,103.52224069535733,-0.00046346403105417265,0.027099609375,15.96905517578125,0.2
93.92787015000002,382976,187,1108,416.25,345,0.00025,0.80369174,1860,-0.6888992574065924,0.01379268,51.01626724600792,-0.004804885991325137,0.110205078125,12.952932357788086,0.2
91.13455683000002,385024,188,1116,402.74,344,0.00025,0.65834653,1870,-0.7054787654429674,0.0038690977,220.88026710748673,-0.0036967037158319727,0.0201171875,70.4284439086914,0.2
90.10316912999998,387072,189,1124,396.89,344,0.00025,0.7376093,1880,-0.7864846929907798,0.0061486745,161.6261052250862,-0.0017862767839687877,0.0380859375,32.84056091308594,0.2
93.10994278000003,389120,190,1133,395.61,343,0.00025,0.65622807,1890,-0.7223531858995557,0.0034944913,179.3321475148201,-0.0018104724164004437,0.060791015625,16.111398696899414,0.2
96.09609720999998,391168,191,1141,398.31,342,0.00025,0.78337544,1900,-0.6500920223072171,0.006963316,111.22269850671292,-0.005072916641074699,0.07548828125,47.40672302246094,0.2
98.96018287000001,393216,192,1149,403.73,342,0.00025,0.73048306,1910,-0.7773587888106703,0.005499002,113.09687755703926,-0.0023126000305637717,0.047314453125,22.76993751525879,0.2
96.95086016,395264,193,1156,396.52,341,0.00025,0.8313291,1920,-0.669580078497529,0.0072812764,84.90507723987102,-0.002469645753444638,0.040869140625,30.127634048461914,0.2
87.19374857000001,397312,194,1165,385.76,340,0.00025,0.7119379,1930,-0.6967744547873735,0.011460705,230.73437222838402,-0.004810014767281245,0.0509765625,138.72039794921875,0.2
92.64474282000003,399360,195,1173,383.34,340,0.00025,0.75055975,1940,-0.7554909089580178,0.005923778,204.81694571971894,-0.003123470945865847,0.0484375,64.47217559814453,0.2
86.26283123000003,401408,196,1180,381.91,339,0.00025,0.7615426,1950,-0.746627376973629,0.0053155553,160.3698084294796,-0.0017487348959548399,0.058935546875,42.591209411621094,0.2
88.85401877000002,403456,197,1189,383.27,339,0.00025,0.76964617,1960,-0.7963246123865246,0.008758913,145.30354859232904,-0.006248169351601973,0.083154296875,75.5086669921875,0.2
85.91506363,405504,198,1197,371.32,338,0.00025,0.7740526,1970,-0.6040522997267544,0.004822165,99.55650162994861,-0.0019061050246818923,0.05615234375,53.87245559692383,0.2
87.72597112,407552,199,1204,371.99,338,0.00025,0.7605949,1980,-0.7057208800688386,0.007677449,205.3176400065422,-0.0045176436593465045,0.0640625,14.057852745056152,0.2
90.81343777999999,409600,200,1211,384.57,338,0.00025,0.8865848,1990,-0.4495106155052781,0.0035791323,59.83156332969666,-0.0013529324744013139,0.033740234375,24.758712768554688,0.2
83.35784387999998,411648,201,1218,387.15,337,0.00025,0.871412,2000,-0.6504483785480261,0.0047286046,84.39527132213115,-0.00137660024483921,0.06484375,25.676820755004883,0.2
88.99151229,413696,202,1226,389.71,337,0.00025,0.648394,2010,-0.7053758369758725,0.009250167,155.7576485157013,-0.006589106941828504,0.076220703125,65.14282989501953,0.2
89.48236262,415744,203,1233,392.58,337,0.00025,0.7413072,2020,-0.6919574715197087,0.0072699175,114.58018365502357,-0.004505870009597857,0.04384765625,17.34212303161621,0.2
89.4878511,417792,204,1241,395.32,336,0.00025,0.73738605,2030,-0.649545862711966,0.0037526088,109.96368801891803,-0.0016511023175553418,0.059130859375,91.52384948730469,0.2
91.51446212,419840,205,1249,399.92,336,0.00025,0.72919667,2040,-0.6231447394937277,0.005045416,139.4809838116169,-0.003295240089209983,0.038916015625,111.29737091064453,0.2
81.75292764,421888,206,1256,394.89,335,0.00025,0.84331274,2050,-0.6866111809387803,0.0059989607,71.01667759418487,-0.0012338364351307974,0.0447265625,30.49553108215332,0.2
94.80753799999998,423936,207,1263,404.27,335,0.00025,0.66890204,2060,-0.7043554229661823,0.0046520503,263.8203055500984,-0.002161248741322197,0.026416015625,136.59652709960938,0.2
99.79579842000001,425984,208,1271,404.23,335,0.00025,0.79565763,2070,-0.6068159631453455,0.0048690997,115.05811677575112,-0.005793645966332406,0.08134765625,46.72018051147461,0.2
100.30527461999998,428032,209,1278,396.92,334,0.00025,0.64364505,2080,-0.618907044455409,0.0056610983,190.43803955316542,-0.0019017418548173738,0.05439453125,94.44751739501953,0.2
105.84456484999998,430080,210,1286,390.75,334,0.00025,0.68858683,2090,-0.5710014010779559,0.0052066967,227.05022610425948,-0.0035070243175141513,0.047607421875,75.19780731201172,0.2
107.60725548999999,432128,211,1293,397.75,334,0.00025,0.82414883,2100,-0.6796045986935496,0.0055806376,123.20783471763134,-0.0014199044497217983,0.090576171875,40.83066177368164,0.2
107.46930947000001,434176,212,1300,398.72,333,0.00025,0.8453868,2110,-0.6102519255131483,0.007744442,38.58462054431438,-0.0027428521163528783,0.0572265625,9.519664764404297,0.2
119.31122373999999,436224,213,1307,396.79,333,0.00025,0.89819396,2120,-0.6633814610540867,0.007913718,44.24394336491823,-0.004433607190730981,0.092529296875,11.510242462158203,0.2
124.58508777000002,438272,214,1315,398.22,333,0.00025,0.93865323,2130,-0.697426482476294,0.007824758,40.642974184453486,-0.0030194264487363397,0.07607421875,40.40774917602539,0.2
125.69962506,440320,215,1324,407.13,332,0.00025,0.8368418,2140,-0.6527352396398782,0.0042496994,147.75671448111535,-0.003848625553655438,0.047265625,10.703789710998535,0.2
123.9319358,442368,216,1333,401.62,331,0.00025,0.8909894,2150,-0.7252794640138746,0.0054110647,23.09461761713028,7.220820407383144e-05,0.08212890625,3.295417070388794,0.2
125.13430144,444416,217,1342,400.02,331,0.00025,0.8098242,2160,-0.7395862152799964,0.0030655963,170.98730638623238,-0.0029668499424587934,0.0359375,31.102752685546875,0.2
124.54937852,446464,218,1350,406.32,330,0.00025,0.826859,2170,-0.6337294154800475,0.0050513754,46.8624458566308,-0.00012518764415290207,0.036669921875,4.623238563537598,0.2
122.79508824,448512,219,1360,398.73,329,0.00025,0.9507512,2180,-0.664600744470954,0.0050333655,53.478795391321185,-0.0020893706547212786,0.04326171875,9.79698657989502,0.2
127.00413289999999,450560,220,1367,390.99,329,0.00025,0.8390488,2190,-0.7213278552517295,0.0039185314,128.9042405664921,-0.0022055841545807198,0.041455078125,81.68505096435547,0.2
128.30327472000002,452608,221,1375,396.86,329,0.00025,0.8777108,2200,-0.6597727112472057,0.0027178405,112.10254099071025,-0.0029185179562773557,0.019873046875,50.00666809082031,0.2
126.79048770999998,454656,222,1383,398.4,328,0.00025,0.43400067,2210,-0.6728724207729101,0.003417039,19.95451119467616,-0.0003641337010776624,0.0484375,4.128127574920654,0.2
123.29811743,456704,223,1390,394.02,328,0.00025,0.7970871,2220,-0.5871432457119227,0.0034072744,183.28441109657288,-0.003161246316449251,0.01884765625,100.6786117553711,0.2
121.98244188999999,458752,224,1398,386.34,328,0.00025,0.87537056,2230,-0.686502737738192,0.004073995,101.8569068968296,-0.00204481115724775,0.038232421875,21.495784759521484,0.2
128.74504583,460800,225,1405,386.32,327,0.00025,0.8812715,2240,-0.6338319096714258,0.005873544,82.11909090280533,-0.003181689304619795,0.033251953125,36.91407012939453,0.2
128.74665037,462848,226,1412,389.12,327,0.00025,0.8890719,2250,-0.6150495251640677,0.004697254,93.869959628582,-0.0025450473054661415,0.046533203125,20.451126098632812,0.2
127.52174500999998,464896,227,1420,397.32,327,0.00025,0.87759286,2260,-0.7009575830772519,0.005715114,36.443874944001436,-0.0008528235914127436,0.066796875,9.70521068572998,0.2
130.92492385000003,466944,228,1427,403.93,327,0.00025,0.9252066,2270,-0.6352388819679617,0.009184518,21.598252353072166,-0.002004168351413682,0.090673828125,4.669950485229492,0.2
135.11289147000002,468992,229,1434,412.71,326,0.00025,0.78882104,2280,-0.6544789236038924,0.0057980376,63.5162852242589,-0.001678993612586055,0.056298828125,18.7298526763916,0.2
134.06450905999998,471040,230,1441,419.41,326,0.00025,0.76703143,2290,-0.5101106486283242,0.00494068,37.709533129632476,-0.003334862081101164,0.036572265625,7.291082382202148,0.2
130.98474176999997,473088,231,1448,427.21,326,0.00025,0.89250886,2300,-0.6544951874762773,0.0053540976,30.061734810471535,-0.0030209221178665755,0.069287109375,10.16689395904541,0.2
134.45590719,475136,232,1456,424.35,326,0.00025,0.7571323,2310,-0.7483658304437995,0.002858176,85.9447494417429,-0.0023346959991613404,0.038720703125,16.895252227783203,0.2
132.33032537,477184,233,1464,418.18,325,0.00025,0.8661689,2320,-0.6529846616089344,0.0057992823,45.94377680420875,-0.0018513309012632817,0.036083984375,16.818405151367188,0.2
129.42183412000003,479232,234,1472,423.91,325,0.00025,0.73764896,2330,-0.621311916410923,0.002300762,165.67765061855317,-0.0024841982914949766,0.0244140625,48.85554122924805,0.2
129.74709377000002,481280,235,1480,409.37,325,0.00025,0.3856476,2340,-0.6204070881009102,0.0049150786,182.5696901023388,-0.001862398549565114,0.022802734375,70.565673828125,0.2
126.24518060999999,483328,236,1488,404.15,324,0.00025,0.8180611,2350,-0.5944577468559146,0.0029277785,142.88871603012086,-0.0009830900628003292,0.03515625,13.686385154724121,0.2
124.23162737000001,485376,237,1496,398.29,324,0.00025,0.8146305,2360,-0.6630890702828764,0.0039899726,130.47455996274948,-0.0033576102228835224,0.053955078125,23.48319435119629,0.2
132.18487546000003,487424,238,1504,404.73,324,0.00025,0.6726352,2370,-0.6415965931490064,0.0036826017,228.6623873114586,-0.0035493074654368685,0.026220703125,98.33482360839844,0.2
129.9431415,489472,239,1511,398.14,323,0.00025,0.71350306,2380,-0.5989154074341059,0.004336142,132.18302771747113,-0.000918081376585178,0.035595703125,77.36146545410156,0.2
134.97410925999998,491520,240,1518,394.18,323,0.00025,0.7126109,2390,-0.6075471116229891,0.006640408,180.71722096204758,-0.0021051169809652493,0.06630859375,121.37779998779297,0.2
136.99790453,493568,241,1526,380.43,323,0.00025,0.78550106,2400,-0.5975374590605498,0.0039397613,126.39250815510749,-0.0021673917886801063,0.035400390625,22.242809295654297,0.2
142.13649009,495616,242,1534,381.68,322,0.00025,0.9492677,2410,-0.6157983639277518,0.0050935745,42.13745831698179,-0.0006320080283330753,0.070947265625,19.070512771606445,0.2
142.47585664,497664,243,1542,389.8,322,0.00025,0.86170334,2420,-0.5913031185045838,0.009217053,94.92976415753364,-0.004155644489219412,0.117138671875,86.70648956298828,0.2
145.01062931,499712,244,1550,388.49,322,0.00025,0.70660305,2430,-0.6260295627638698,0.010818133,114.40835631489753,-0.003774965013144538,0.09638671875,25.374950408935547,0.2
138.22797158,501760,245,1559,358.75,321,0.00025,0.8713914,2440,-0.6002350758761168,0.0063221008,47.34614158570766,-0.002450653632695321,0.04794921875,49.32078170776367,0.2
130.82103263000002,503808,246,1568,348.53,321,0.00025,0.9264129,2450,-0.583230824302882,0.005532627,76.83791708946228,-0.0011345436141709797,0.056201171875,84.83305358886719,0.2
132.20502227,505856,247,1575,341.6,320,0.00025,0.92279804,2460,-0.6654985496774316,0.0066734026,59.16828088462353,-0.0007967223355080932,0.061669921875,37.17308807373047,0.2
129.17553146,507904,248,1583,343.95,320,0.00025,0.88468724,2470,-0.581703651510179,0.0039176224,79.56663009226322,-0.0004643503642000724,0.04541015625,17.478504180908203,0.2
122.36938346,509952,249,1591,347.53,320,0.00025,0.9559958,2480,-0.6833686076104641,0.013192756,8.751235677301883,-0.0016267932835035027,0.170263671875,0.9539703130722046,0.2
126.69703589999999,512000,250,1599,356.08,320,0.00025,0.82337177,2490,-0.6568453105166554,0.002578332,83.64120359122754,-0.0018660444009583443,0.02353515625,5.699184417724609,0.2
124.23024972000003,514048,251,1606,355.36,319,0.00025,0.68345004,2500,-0.6308113953098655,0.002604459,33.60211146175861,-0.0003264745479100384,0.021435546875,4.905216217041016,0.2
118.40175304,516096,252,1613,356.38,319,0.00025,0.6996248,2510,-0.607397573068738,0.003763955,177.06760928630828,-0.0038881615590071307,0.02099609375,4.866606712341309,0.2
121.60727953,518144,253,1621,359.4,319,0.00025,0.90420836,2520,-0.679242642968893,0.006223443,59.61057561337948,-0.002070932667993475,0.051220703125,7.187966346740723,0.2
129.59263891,520192,254,1629,361.83,319,0.00025,0.7781693,2530,-0.6536339312791825,0.005688362,108.42678388953209,-0.002224825957091525,0.040478515625,52.20076370239258,0.2
130.99035844,522240,255,1637,363.77,318,0.00025,0.77425337,2540,-0.6207641813904047,0.0049889884,138.34977671802045,-0.0023691623646300286,0.0337890625,21.683151245117188,0.2
122.30189701,524288,256,1645,359.04,318,0.00025,0.8064304,2550,-0.5714131621643901,0.0038117864,250.43997485637664,-0.0008639740175567567,0.01474609375,61.74468231201172,0.2
118.42230740000002,526336,257,1653,364.2,318,0.00025,0.7691128,2560,-0.6536307197064162,0.0043525402,217.88673916459084,-0.001987652780371718,0.026611328125,54.88638687133789,0.2
116.94437631999999,528384,258,1661,366.02,318,0.00025,0.6788254,2570,-0.6422879738733173,0.008758481,113.78427512347699,-0.005404830654151737,0.072607421875,58.15010070800781,0.2
117.17614200000001,530432,259,1668,371.96,317,0.00025,0.8611628,2580,-0.6687808433547616,0.005516788,73.91608268618583,-0.0058153103600488976,0.07822265625,38.954345703125,0.2
105.57060333999999,532480,260,1677,368.03,317,0.00025,0.7135735,2590,-0.6899092935025692,0.00746067,150.15730519294738,-0.0067201374913565814,0.086962890625,42.42795181274414,0.2
104.04966406999998,534528,261,1685,374.11,317,0.00025,0.64928114,2600,-0.7015902580693364,0.0051546786,241.38142525553704,-0.0027440233869128862,0.0357421875,165.6678924560547,0.2
98.47935737,536576,262,1693,376.07,316,0.00025,0.5580764,2610,-0.6496988426893949,0.00502158,22.74522259235382,-0.0021369485679315404,0.0634765625,3.971569776535034,0.2
93.15253784999999,538624,263,1700,378.54,316,0.00025,0.53691226,2620,-0.5558712136000394,0.0049987594,234.8515319108963,-0.004143493472656701,0.0517578125,171.0694122314453,0.2
94.775004,540672,264,1708,390.83,316,0.00025,0.5305577,2630,-0.6477129101753235,0.0053464076,182.2740152835846,-0.0025295410669059493,0.038623046875,58.01472091674805,0.2
97.11166408000001,542720,265,1715,396.17,316,0.00025,0.5825263,2640,-0.7009029911831022,0.0047195046,221.51969367861747,-0.006148237916931976,0.044384765625,50.35814666748047,0.2
94.68607485000001,544768,266,1722,410.02,316,0.00025,0.81372416,2650,-0.6991574434563518,0.010534982,97.48265841007233,-0.0011926800274522976,0.04873046875,54.254066467285156,0.2
91.80248896,546816,267,1729,411.06,316,0.00025,0.8415193,2660,-0.6009011909365654,0.006208595,51.02393365651369,-0.002364817960187793,0.090380859375,4.734179496765137,0.2
90.10038388000001,548864,268,1737,402.76,315,0.00025,0.888204,2670,-0.6429525585845113,0.0026388154,100.21475567817689,-0.0013204988485085779,0.01923828125,81.43767547607422,0.2
94.52852485000003,550912,269,1744,408.55,315,0.00025,0.84782326,2680,-0.6636018145829439,0.009502903,42.4424661912024,-0.002760399975522887,0.08505859375,1.4058518409729004,0.2
87.74814972,552960,270,1751,401.82,315,0.00025,0.70997214,2690,-0.664038354344666,0.0036322968,114.49276735186577,-0.0023858629749156533,0.03984375,19.83846664428711,0.2
93.08086711,555008,271,1758,404.27,315,0.00025,0.67144436,2700,-0.6658389599993825,0.0028818485,190.77533303201199,-0.0022457482613390312,0.0314453125,53.74500274658203,0.2
96.58694739,557056,272,1765,400.74,315,0.00025,0.7635206,2710,-0.6661735188215971,0.0049099447,188.7959784269333,-0.0024202732864068823,0.0443359375,110.16666412353516,0.2
97.56491070000001,559104,273,1772,409.49,315,0.00025,0.8329346,2720,-0.5733115511946381,0.005399067,88.8213043153286,-0.0027828166843391956,0.039306640625,46.071434020996094,0.2
92.90474633,561152,274,1779,417.47,315,0.00025,0.69964725,2730,-0.5635855817236006,0.0064380253,127.13937356472016,-0.003912514203693718,0.06611328125,52.14950180053711,0.2
88.18432628999999,563200,275,1787,417.43,315,0.00025,0.58787286,2740,-0.5165593802928925,0.003927378,120.02574736922979,-0.0009514518227661028,0.067724609375,58.452415466308594,0.2
87.13962312,565248,276,1794,427.08,314,0.00025,0.58444947,2750,-0.6250222764909268,0.006070948,211.20444435477256,-0.0007855310177546926,0.03544921875,38.38277816772461,0.2
92.6602562,567296,277,1802,431.51,314,0.00025,0.8280371,2760,-0.6179573656991124,0.004027584,86.54913207739591,-0.002755919775518123,0.037841796875,60.79145812988281,0.2
90.99069748,569344,278,1809,428.66,314,0.00025,0.7166425,2770,-0.6078179398551583,0.0048499824,207.63102036118508,-0.0027033581820433026,0.041015625,148.38821411132812,0.2
88.26466528,571392,279,1816,425.78,314,0.00025,0.7741805,2780,-0.6367932016029954,0.0039017804,174.4169471025467,-0.001237666305678431,0.021044921875,139.97035217285156,0.2
86.65955783999999,573440,280,1823,438.57,314,0.00025,0.6226357,2790,-0.6316580696031451,0.007466955,165.91261112987996,-0.002997354924445972,0.086474609375,17.84062385559082,0.2
86.36361706,575488,281,1831,433.02,314,0.00025,0.75784135,2800,-0.6482644256204366,0.005684373,143.0049613535404,-0.0022421022076741792,0.073876953125,8.525157928466797,0.2
81.93249914,577536,282,1838,428.27,314,0.00025,0.7505655,2810,-0.611261335387826,0.004057038,225.77104039192199,-0.0034648233093321325,0.074853515625,134.26486206054688,0.2
87.32158802,579584,283,1845,429.2,314,0.00025,0.77445054,2820,-0.6360947545617819,0.0072241034,134.9082267269492,-0.004976048748358153,0.062353515625,15.677781105041504,0.2
91.82713141,581632,284,1852,427.92,313,0.00025,0.77998656,2830,-0.6303361603990197,0.0043344665,164.8619141459465,-0.0017782158363843336,0.043017578125,86.8260498046875,0.2
91.63836463000001,583680,285,1859,428.1,313,0.00025,0.82535064,2840,-0.6733655352145433,0.008192258,74.03292889595032,-0.0009386967416503466,0.065576171875,89.28067016601562,0.2
95.3929967,585728,286,1867,424.19,313,0.00025,0.8241137,2850,-0.6631312817335129,0.005138348,101.31695322990417,-0.000864053369150497,0.04970703125,12.13420295715332,0.2
99.09484398999999,587776,287,1874,419.76,313,0.00025,0.7575788,2860,-0.5773412554524839,0.004507354,206.89223729968072,-0.002696141011256259,0.058544921875,36.41704177856445,0.2
95.16539952000002,589824,288,1882,415.86,313,0.00025,0.84127325,2870,-0.6800814496353269,0.0029859536,117.19066061973572,-0.0027798798691947013,0.073095703125,25.545391082763672,0.2
94.06154259,591872,289,1889,419.11,313,0.00025,0.7706204,2880,-0.6465772856026888,0.00477707,163.4265592634678,-0.0054972511454252524,0.048779296875,20.677675247192383,0.2
101.43065111,593920,290,1896,421.36,313,0.00025,0.59065723,2890,-0.6378239540383219,0.008773601,76.1247778892517,-0.0031485073806834405,0.092236328125,31.600086212158203,0.2
106.43679892999997,595968,291,1903,423.4,313,0.00025,0.83221716,2900,-0.6949374506250023,0.011509895,57.63229254186153,-0.0038895756035344673,0.110107421875,13.187921524047852,0.2
107.14262844000001,598016,292,1911,432.51,312,0.00025,0.7690414,2910,-0.6070976157672703,0.0042216703,49.166818757355216,-0.0026986718265106903,0.038525390625,26.22897720336914,0.2
106.99413594999999,600064,293,1918,437.51,312,0.00025,0.85688245,2920,-0.6426434068009257,0.0046610506,20.169331762194634,-0.002675721289415378,0.059521484375,5.278979778289795,0.2
108.14219748,602112,294,1925,438.74,312,0.00025,0.6982677,2930,-0.5858784158714115,0.0058279317,134.41039489507676,-0.003921220594202168,0.053466796875,7.128904819488525,0.2
107.27786687000001,604160,295,1932,451.86,312,0.00025,0.3208905,2940,-0.5831972922198474,0.0060803513,107.30232754349709,-0.001200343159143813,0.03427734375,25.9305419921875,0.2
110.20043717,606208,296,1938,453.42,312,0.00025,0.8793379,2950,-0.602315135486424,0.005455491,7.783730105496943,-0.0006570787576492876,0.06904296875,0.4701891839504242,0.2
111.10016085000001,608256,297,1945,451.51,312,0.00025,0.80406845,2960,-0.5863369761034847,0.0060058003,33.75919109880924,-0.004334537345857825,0.039794921875,10.68198299407959,0.2
113.08043046000003,610304,298,1952,448.02,312,0.00025,0.69687486,2970,-0.6547514630481601,0.003116882,158.53934442102909,-0.0015721451854915358,0.033642578125,99.76238250732422,0.2
113.19945734999999,612352,299,1959,455.06,312,0.00025,0.67530656,2980,-0.6231805648654699,0.0031422966,88.9925252854824,-0.0015871515512117184,0.008056640625,37.960384368896484,0.2
117.80097110000001,614400,300,1966,458.44,312,0.00025,0.77796054,2990,-0.5917471797205508,0.0023422854,50.939952716231346,-0.001757883292157203,0.024853515625,23.762042999267578,0.2
122.95347371999998,616448,301,1973,463.98,312,0.00025,0.7796669,3000,-0.604390561953187,0.003143017,68.41379232406616,-0.0034891326853539796,0.0400390625,17.690555572509766,0.2
129.82338562000004,618496,302,1980,458.1,312,0.00025,0.76063925,3010,-0.5877308289520442,0.0050738147,128.7647282421589,-0.005394615975092165,0.058642578125,47.709903717041016,0.2
126.18803275999998,620544,303,1987,462.31,312,0.00025,0.661818,3020,-0.5927344835363328,0.0053375857,86.5626155436039,-0.00324046672321856,0.04111328125,12.848339080810547,0.2
128.31040203,622592,304,1994,476.95,312,0.00025,0.5834199,3030,-0.6791780330240726,0.007656376,98.07981753200292,-0.004262100378400646,0.094482421875,49.00244140625,0.2
136.4299798,624640,305,2001,472.81,312,0.00025,0.921648,3040,-0.5943344116210938,0.005872788,12.982197770476342,-0.0034926194464787843,0.063623046875,5.366600513458252,0.2
135.63797753,626688,306,2008,473.58,312,0.00025,0.7727424,3050,-0.678027225099504,0.003163653,115.82953769862652,-0.0018968366202898324,0.022314453125,48.989280700683594,0.2
132.89978504,628736,307,2015,477.87,311,0.00025,0.63515174,3060,-0.5485725153237582,0.0047284416,135.13876749873162,-0.002946909019374289,0.019970703125,31.967697143554688,0.2
137.54395579,630784,308,2022,475.14,311,0.00025,0.71330535,3070,-0.5844720120541751,0.015151275,127.11137111186981,-0.0063665794237749655,0.051123046875,109.30896759033203,0.2
142.04951849000003,632832,309,2029,479.22,311,0.00025,0.78682685,3080,-0.623653432354331,0.004918158,65.70981694161893,-0.0035594139364548026,0.03857421875,31.11151695251465,0.2
141.56951935,634880,310,2036,477.1,311,0.00025,0.84860766,3090,-0.6371667528524995,0.0043343846,45.25461424142122,-0.0004331569347414188,0.03115234375,39.73386764526367,0.2
147.77737406,636928,311,2043,477.94,311,0.00025,0.6645981,3100,-0.6003542612306774,0.0020470999,146.2872274696827,-0.0008083241977146826,0.02265625,27.892610549926758,0.2
146.85076808,638976,312,2050,467.14,311,0.00025,0.8449869,3110,-0.6248044122941792,0.0055837613,83.44339133799076,-0.002585284509405028,0.07734375,52.903079986572266,0.2
142.29789438,641024,313,2057,453.16,311,0.00025,0.7922777,3120,-0.6563510842621326,0.0047284663,153.27210767567158,9.586047963239253e-05,0.035009765625,23.380138397216797,0.2
143.43098845999998,643072,314,2064,446.75,311,0.00025,0.8047543,3130,-0.6954716892912984,0.0031948378,132.36543687582017,-0.0025851025551673957,0.0326171875,96.03682708740234,0.2
144.36324765999998,645120,315,2071,440.21,311,0.00025,0.9203774,3140,-0.6603441497310996,0.0038766286,22.14922411441803,-0.0013184062874643133,0.0498046875,21.15711212158203,0.2
147.81941349999997,647168,316,2078,432.71,311,0.00025,0.796709,3150,-0.6095676803030073,0.008405657,107.1330030977726,-0.005044895545870532,0.0435546875,46.70891189575195,0.2
145.68797699,649216,317,2085,430.24,311,0.00025,0.9029437,3160,-0.5717908967286348,0.01709904,38.979619374871255,-0.007441542255401145,0.12900390625,7.956742763519287,0.2
150.94326333,651264,318,2092,434.36,311,0.00025,0.84881383,3170,-0.653482674062252,0.0061143343,55.310145645588634,-0.0018879982773796656,0.05576171875,11.471769332885742,0.2
150.90755600999998,653312,319,2100,443.53,311,0.00025,0.76223373,3180,-0.5984703574329615,0.0025812811,118.4077404677868,-0.0014772364425880368,0.01572265625,56.723140716552734,0.2
146.62320917,655360,320,2106,432.72,311,0.00025,0.82352614,3190,-0.6830016335472464,0.00564281,16.787928446382285,-0.0036336652003228663,0.05703125,1.8607357740402222,0.2
143.06407163000003,657408,321,2114,427.64,310,0.00025,0.6479567,3200,-0.660303927026689,0.002992577,185.09868992865086,-0.0013763050286797807,0.0166015625,17.448440551757812,0.2
145.02135749,659456,322,2121,431.26,310,0.00025,0.5913873,3210,-0.6656435022130609,0.007420251,174.97077923417092,-0.004910942020069342,0.048193359375,60.730018615722656,0.2
143.29788028,661504,323,2128,436.15,310,0.00025,0.59422815,3220,-0.6378661762923002,0.003710921,101.41141092181206,-0.0017743194854119792,0.05498046875,43.88048553466797,0.2
139.3776519,663552,324,2136,431.51,310,0.00025,0.8215411,3230,-0.650106604769826,0.020876523,42.92527810409665,-0.004657725094875787,0.09072265625,9.761261940002441,0.2
145.91813531000003,665600,325,2143,426.37,310,0.00025,0.7870498,3240,-0.593621536437422,0.0026264398,131.56027889847755,-0.0019071603659540416,0.01552734375,29.838214874267578,0.2
147.50866079000002,667648,326,2150,430.1,310,0.00025,0.76625216,3250,-0.6793526412919164,0.007529,29.69839304983616,-0.0008323338668560609,0.057861328125,18.851266860961914,0.2
147.81476708,669696,327,2156,435.68,310,0.00025,0.44176257,3260,-0.48730209600180385,0.002074224,34.680289649218324,-0.0016949041280895471,0.0283203125,13.319220542907715,0.2
151.97114285,671744,328,2163,436.95,310,0.00025,0.82887614,3270,-0.568538153078407,0.011260387,66.05742628574372,-0.007387392190867104,0.07470703125,35.96957015991211,0.2
151.05948375,673792,329,2171,437.68,310,0.00025,0.80020744,3280,-0.6352832259610295,0.004884761,50.28894429728389,-0.0034878956590546294,0.055517578125,45.262657165527344,0.2
150.24995589,675840,330,2178,443.91,310,0.00025,0.77513504,3290,-0.6467265751212835,0.016473973,49.927310664951804,-0.008074239708366803,0.205078125,12.35328483581543,0.2
148.64621366,677888,331,2185,438.87,310,0.00025,0.87065053,3300,-0.6330894860439003,0.0087705515,40.40099414288998,-0.006091244640992954,0.1181640625,19.631011962890625,0.2
147.12419630000002,679936,332,2192,450.89,310,0.00025,0.87601817,3310,-0.6510862359777093,0.0065019256,38.850881558656695,-0.005127673936658539,0.069482421875,14.966166496276855,0.2
142.55023268000002,681984,333,2200,448.06,309,0.00025,0.8628017,3320,-0.5895902683027089,0.0030158933,59.89976051896811,-0.0011870567366713658,0.02705078125,64.24747467041016,0.2
145.24429836,684032,334,2206,449.27,309,0.00025,0.7429687,3330,-0.6571371182799339,0.003859959,178.65363964438438,-0.0032802538451505827,0.03603515625,74.63321685791016,0.2
143.55660876,686080,335,2213,457.82,309,0.00025,0.8009419,3340,-0.622736303973943,0.0031328443,126.71116562485695,-0.003287829221517313,0.018115234375,43.70364761352539,0.2
143.86300834999997,688128,336,2220,456.15,309,0.00025,0.5719956,3350,-0.65745745934546,0.0038717561,128.60628396570684,-0.0037659082852769645,0.031689453125,6.647390365600586,0.2
142.53318044999997,690176,337,2227,461.61,309,0.00025,0.67550874,3360,-0.6057837163098156,0.0035900476,68.262338078022,-0.0010123724990990014,0.047509765625,48.071449279785156,0.2
139.63566356,692224,338,2234,449.73,309,0.00025,0.63539284,3370,-0.6479903087951243,0.0070140446,36.31818186640739,-0.00125919225247344,0.061181640625,21.83203125,0.2
135.22388292,694272,339,2241,440.31,309,0.00025,0.4334514,3380,-0.6102320533245802,0.0058896597,332.72632998228073,-0.0037609612758387812,0.043798828125,84.93753051757812,0.2
144.12873832999998,696320,340,2248,427.63,309,0.00025,0.6791275,3390,-0.6274052491411567,0.004572181,173.60109218358994,-0.0014840594463748857,0.033154296875,119.40837860107422,0.2
149.18665821,698368,341,2255,427.01,309,0.00025,0.7780876,3400,-0.6176127807237208,0.004607986,63.25540766119957,-0.0037723935849498956,0.055126953125,28.48801612854004,0.2
146.74208319,700416,342,2262,429.85,309,0.00025,0.6783116,3410,-0.64207893460989,0.003185536,69.26289030909538,-0.0011518282946781256,0.0267578125,24.210548400878906,0.2
147.94175848,702464,343,2269,421.32,309,0.00025,0.71798515,3420,-0.6147416242398321,0.0046698544,202.1920804232359,-0.003805016762635205,0.054345703125,6.239248275756836,0.2
150.80146953000002,704512,344,2276,413.36,309,0.00025,0.92714137,3430,-0.6121020093560219,0.0060312864,29.948564273118972,-0.0007751099445158615,0.0505859375,6.199497699737549,0.2
150.90639324,706560,345,2283,412.56,309,0.00025,0.62714875,3440,-0.5981386025436223,0.0067764753,257.6745207667351,-0.0035877768648788335,0.057568359375,113.52352142333984,0.2
150.53157733,708608,346,2290,406.3,309,0.00025,0.8412955,3450,-0.6654239216819405,0.004523394,55.84961620867252,-0.0009683735566795804,0.0544921875,12.411581039428711,0.2
148.90418338000003,710656,347,2297,398.14,309,0.00025,0.8907153,3460,-0.653489544801414,0.0042327396,47.698667255043986,0.00036085234605707226,0.0650390625,11.672779083251953,0.2
150.18120271,712704,348,2304,404.89,309,0.00025,0.8776841,3470,-0.5933568498119712,0.005660668,71.15260379612445,-0.005030387242732104,0.0537109375,32.78859329223633,0.2
143.97169163999996,714752,349,2311,394.2,309,0.00025,0.8762452,3480,-0.6631275286898017,0.011309795,20.28281645812094,-0.0024590749715571293,0.09072265625,49.17025375366211,0.2
143.64962760000003,716800,350,2319,398.81,309,0.00025,0.53899705,3490,-0.6082404814660549,0.0058641913,226.03891161084175,-0.0014131825853837654,0.05751953125,83.09716033935547,0.2
145.59413764,718848,351,2326,387.05,309,0.00025,0.70685923,3500,-0.597230212111026,0.0050607496,113.4191713809967,-0.0019528167293174192,0.03046875,9.449151992797852,0.2
144.61304864,720896,352,2332,384.38,309,0.00025,0.7021867,3510,-0.623915645852685,0.0051404517,176.1909549087286,-0.004567746812244877,0.066552734375,47.30218505859375,0.2
149.79645042,722944,353,2339,383.85,308,0.00025,0.7723266,3520,-0.6278371851891279,0.006863868,210.7383522748947,-0.004289238678757102,0.05302734375,102.86320495605469,0.2
149.84865976999998,724992,354,2346,390.96,308,0.00025,0.6719507,3530,-0.5353113920427859,0.002397841,190.82265836596488,-0.002110247343080118,0.0177734375,32.39832305908203,0.2
148.85377152,727040,355,2353,396.78,308,0.00025,0.71481526,3540,-0.5388126303441823,0.007968623,42.06354553475976,-0.0008029436299693771,0.065869140625,3.2369484901428223,0.2
143.60851452999998,729088,356,2360,392.84,308,0.00025,0.5425209,3550,-0.6040289495140314,0.009902304,90.73889072388411,-0.003565956570673734,0.132177734375,14.943665504455566,0.2
144.78496348,731136,357,2367,389.49,308,0.00025,0.75147194,3560,-0.596310016233474,0.007240792,105.18416113257408,-0.005037665989948437,0.073095703125,9.27064323425293,0.2
146.36549919,733184,358,2374,396.57,308,0.00025,0.7687528,3570,-0.6201595040038228,0.0042043654,137.5828038185835,-0.003644359357713256,0.0388671875,21.90260887145996,0.2
132.53860499999996,735232,359,2381,386.88,308,0.00025,0.7683469,3580,-0.6312588892877102,0.0028684377,109.47516121268272,-0.002134043525438756,0.026513671875,18.6319522857666,0.2
130.97391778,737280,360,2388,393.7,308,0.00025,0.7163384,3590,-0.6190916333347559,0.0038323847,254.64891930818558,-0.0007626399004948325,0.017236328125,59.224708557128906,0.2
133.24667080999998,739328,361,2395,396.43,308,0.00025,0.6455956,3600,-0.6081247553229332,0.0049337014,63.70381057113409,-0.001454786685644649,0.08896484375,2.1186418533325195,0.2
128.56247466000002,741376,362,2402,403.04,308,0.00025,0.8192177,3610,-0.5379685244522989,0.003118936,151.7350039601326,-0.002204231156792957,0.033056640625,45.67307662963867,0.2
125.50768844000002,743424,363,2409,405.97,308,0.00025,0.7804351,3620,-0.5825621290132403,0.0068430374,106.09271999895573,-0.0019360364676686004,0.0876953125,10.125836372375488,0.2
126.43644607,745472,364,2416,407.72,308,0.00025,0.8438438,3630,-0.6171922007575631,0.0042884443,40.93940290883184,-0.0020233717339579018,0.07919921875,22.56785774230957,0.2
129.38746826,747520,365,2423,396.6,308,0.00025,0.7850504,3640,-0.5684477488510311,0.004876979,194.08242784738542,-0.001384271752613131,0.05595703125,58.4652099609375,0.2
129.95466802,749568,366,2430,399.01,308,0.00025,0.8788111,3650,-0.5911244838498533,0.0069440803,80.78115814626217,-0.00339584139874205,0.0578125,28.050355911254883,0.2
130.63023199,751616,367,2437,398.74,308,0.00025,0.77742034,3660,-0.5816450516693294,0.0028774715,162.28437303304673,-0.003194996909587644,0.041796875,33.123565673828125,0.2
138.37169253,753664,368,2444,385.44,308,0.00025,0.7754662,3670,-0.6122247505001723,0.005636416,57.45451606065035,-0.0032941707715508526,0.075244140625,21.380027770996094,0.2
140.57082223,755712,369,2451,393.11,308,0.00025,0.75968003,3680,-0.5246029861271382,0.007015515,149.12611854076385,-0.0032015440956456587,0.067333984375,76.25326538085938,0.2
142.08117835,757760,370,2458,397.61,308,0.00025,0.77861893,3690,-0.5613403187133372,0.012109227,53.27976795881987,-0.0026787776703713463,0.099560546875,4.093743801116943,0.2
142.19692501,759808,371,2464,400.27,308,0.00025,0.56031525,3700,-0.648832893744111,0.0034027842,191.80487640202045,-0.0037636820896295832,0.039013671875,38.75248336791992,0.2
146.44945145000003,761856,372,2471,402.4,308,0.00025,0.7552325,3710,-0.5572632457129657,0.005129001,103.99985824823379,-0.002430483780335635,0.06357421875,16.681629180908203,0.2
149.19381934,763904,373,2479,408.21,308,0.00025,0.7260705,3720,-0.4533870993182063,0.0025441279,122.64736036360264,-0.0014427753078052775,0.01474609375,9.224180221557617,0.2
151.29332386000002,765952,374,2486,401.64,308,0.00025,0.7440779,3730,-0.539307308010757,0.0039460706,46.7531374335289,-0.0023603814115631394,0.04716796875,43.56037521362305,0.2
152.58553167999997,768000,375,2493,395.0,307,0.00025,0.8023002,3740,-0.6334785236045718,0.006451317,19.374136538803576,0.0009109036443987861,0.070458984375,6.50153923034668,0.2
151.83551584,770048,376,2500,397.51,307,0.00025,0.7694214,3750,-0.6217169413343072,0.006327333,77.77314754128456,-0.003307635200326331,0.05078125,46.09961700439453,0.2
155.10395344,772096,377,2507,391.27,307,0.00025,0.7404566,3760,-0.5266366703435779,0.0025894484,164.03217821717263,-0.0016620948648778723,0.030126953125,46.339454650878906,0.2
155.71486783,774144,378,2515,400.29,307,0.00025,0.6048235,3770,-0.5371927092783153,0.0032642246,112.86480526030064,-0.0007678276917431504,0.024853515625,30.24919891357422,0.2
161.93742738999998,776192,379,2522,416.56,307,0.00025,0.8356587,3780,-0.597021599393338,0.0049705394,23.3195402354002,-0.0004228426172630861,0.054736328125,23.589370727539062,0.2
162.72971517,778240,380,2529,406.18,307,0.00025,0.79285413,3790,-0.46058608340099455,0.0069915922,43.51035781800747,-0.001678681667544879,0.049609375,8.166189193725586,0.2
164.29881556,780288,381,2537,397.35,307,0.00025,0.7038817,3800,-0.602303656283766,0.0043445793,221.8495136708021,-0.0030004797852598132,0.0373046875,45.76544952392578,0.2
158.97091588000004,782336,382,2544,388.33,307,0.00025,0.72057617,3810,-0.6093868740834296,0.0032671792,191.31660456061363,-0.004862281538953539,0.043701171875,42.52596664428711,0.2
162.1575975,784384,383,2551,389.77,307,0.00025,0.8386005,3820,-0.6018864479847252,0.005813647,119.89817894995213,-0.00307128899730742,0.042822265625,19.16012954711914,0.2
157.09551908,786432,384,2558,388.44,307,0.00025,0.7525545,3830,-0.5784848283976316,0.005318051,177.8910487383604,-0.0009222189328284003,0.028662109375,42.854896545410156,0.2
158.37812096000002,788480,385,2565,389.55,307,0.00025,0.8056215,3840,-0.5732412997633218,0.0044525648,135.21863474845887,-0.006447913077136036,0.05439453125,60.61750793457031,0.2
156.77079707000001,790528,386,2572,397.23,307,0.00025,0.7103497,3850,-0.5386642578989267,0.0034478665,94.4521071344614,-0.001870728594076354,0.03505859375,27.408737182617188,0.2
154.67901038,792576,387,2578,393.49,307,0.00025,0.8995157,3860,-0.6538004148751497,0.009403979,59.53977516740561,-0.0035447840578854083,0.08974609375,54.85244369506836,0.2
149.26058037999996,794624,388,2586,390.16,307,0.00025,0.77444714,3870,-0.6140456977300346,0.00704295,115.61347728967667,-0.0060199067054782065,0.092529296875,37.42456817626953,0.2
147.83681495999997,796672,389,2593,387.48,307,0.00025,0.83844095,3880,-0.5672086932696402,0.007922192,139.78120847940446,-0.006400372917414643,0.092578125,45.246437072753906,0.2
148.62282512999997,798720,390,2600,384.77,307,0.00025,0.74764323,3890,-0.6024382741190493,0.003623618,165.91875121593475,-0.0013153986874385737,0.023193359375,31.5257511138916,0.2
148.67629397,800768,391,2607,389.34,307,0.00025,0.5875246,3900,-0.4789519374258816,0.004740815,172.45756005048753,-0.0028541322419187052,0.03955078125,52.865604400634766,0.2
148.46625779000001,802816,392,2614,388.59,307,0.00025,0.8068371,3910,-0.5862298214808106,0.005649268,58.0131433069706,-0.0028361568809486927,0.05986328125,11.686454772949219,0.2
144.83025875,804864,393,2621,388.67,307,0.00025,0.8847111,3920,-0.6245679237879813,0.0046698637,90.80651650428771,-0.0011619845885434189,0.076904296875,7.939179420471191,0.2
146.1441796,806912,394,2628,385.37,306,0.00025,0.8433853,3930,-0.6306837590411305,0.012987519,74.27117742598057,-0.003709231218090281,0.130078125,29.07932472229004,0.2
135.37841050999998,808960,395,2635,385.68,306,0.00025,0.79557353,3940,-0.5514216569252313,0.005995244,126.85702704191208,-0.005321184929925948,0.06796875,72.21289825439453,0.2
135.88262249,811008,396,2642,382.54,306,0.00025,0.7826026,3950,-0.6321509959176183,0.0034720693,190.1275885760784,-0.0026851893097045833,0.034716796875,88.68507385253906,0.2
132.23829029999996,813056,397,2650,368.09,306,0.00025,0.8610821,3960,-0.6387121004983782,0.005119182,79.66624653339386,-0.0037860126452869737,0.056494140625,32.34078598022461,0.2
128.08368156999998,815104,398,2658,376.68,306,0.00025,0.74601245,3970,-0.6040013718418777,0.0022825757,169.05771312117577,-0.0006888279327540659,0.019384765625,138.97682189941406,0.2
132.86363458000002,817152,399,2665,389.93,306,0.00025,0.64916605,3980,-0.585662273876369,0.008344492,82.73341244161129,-0.00426053171249805,0.1314453125,5.817497730255127,0.2
132.22434108999997,819200,400,2671,403.55,306,0.00025,0.8294185,3990,-0.6427138030529023,0.007949921,35.73434876948595,-0.0017582547618076206,0.10380859375,46.40310287475586,0.2
135.73038033999998,821248,401,2678,407.43,306,0.00025,0.70506525,4000,-0.6052898278459906,0.0129822055,69.5024998113513,-0.0023140933481045067,0.147998046875,18.901762008666992,0.2
143.28559178,823296,402,2685,412.79,306,0.00025,0.8013308,4010,-0.6151173221878707,0.017313423,100.9202193915844,-0.007660522707374185,0.121630859375,20.579496383666992,0.2
135.94840369999997,825344,403,2693,410.34,306,0.00025,0.6943402,4020,-0.5514559557661414,0.0029247801,101.82527577877045,-0.002023175111389719,0.040234375,63.33812713623047,0.2
139.53596941,827392,404,2700,411.84,306,0.00025,0.8396473,4030,-0.6350367395207286,0.005387445,126.5640440493822,-0.002195038727950305,0.06474609375,18.994504928588867,0.2
140.6085144,829440,405,2707,414.84,306,0.00025,0.6846514,4040,-0.5486203674226999,0.0040655676,67.56783700585365,-0.00215632637264207,0.029638671875,27.22609519958496,0.2
139.48216745,831488,406,2714,416.48,306,0.00025,0.794356,4050,-0.6139116577804089,0.003564816,54.79715614914894,-0.0024543009320041166,0.071044921875,20.24368667602539,0.2
138.17221561,833536,407,2722,420.83,306,0.00025,0.9014545,4060,-0.5732618376612664,0.007368289,22.43544020950794,-0.003221890440909192,0.067724609375,17.02998924255371,0.2
144.01716384,835584,408,2729,419.51,306,0.00025,0.8302245,4070,-0.5781720866449177,0.00503355,100.69972290694713,-0.0042658818267227614,0.057958984375,62.44187545776367,0.2
142.43815324000002,837632,409,2737,418.49,305,0.00025,0.79144,4080,-0.5838990309275687,0.00565985,148.3462302148342,-0.0018258183510624804,0.04765625,57.99195861816406,0.2
143.63171642,839680,410,2745,427.12,305,0.00025,0.7330446,4090,-0.5154343079775572,0.00414508,151.7664580643177,-0.006111364216485527,0.039501953125,152.3895263671875,0.2
137.88617377999998,841728,411,2752,428.7,305,0.00025,0.72728395,4100,-0.5630961951799691,0.0075271837,70.61764580309391,-0.003016196166572627,0.048828125,22.998056411743164,0.2
136.77362728999998,843776,412,2760,427.65,305,0.00025,0.6771717,4110,-0.5036509841680527,0.0045352904,121.55211073160172,-0.0027927882882067935,0.0580078125,34.12092971801758,0.2
132.13987197999998,845824,413,2767,429.25,305,0.00025,0.8478926,4120,-0.5377126672305167,0.0045347605,72.95917241871356,-0.0055039169965311885,0.081884765625,42.60387420654297,0.2
130.42469823,847872,414,2775,428.15,305,0.00025,0.722449,4130,-0.6274873336777091,0.007766638,87.80037128478288,-0.0019281061860965565,0.113134765625,45.68014907836914,0.2
139.14700034,849920,415,2783,426.51,305,0.00025,0.87880874,4140,-0.6198945226147771,0.009899511,65.02875583469867,-0.002054675205727108,0.094677734375,5.222793102264404,0.2
146.69627083,851968,416,2790,424.44,305,0.00025,0.80519444,4150,-0.5341660417616367,0.0045839557,103.29814676940441,-0.00197938367491588,0.047802734375,38.805747985839844,0.2
145.93565166,854016,417,2798,427.06,305,0.00025,0.74015695,4160,-0.5427280370146036,0.0050005033,137.82504974007605,-0.0011167683085659518,0.042138671875,33.941551208496094,0.2
149.50538921,856064,418,2805,417.9,305,0.00025,0.70819616,4170,-0.4217334406450391,0.0022527347,116.91708455979824,-0.002140364731894806,0.02578125,11.946202278137207,0.2
153.79811046,858112,419,2813,391.91,304,0.00025,0.7868724,4180,-0.548140580393374,0.0050147776,138.80649410188198,-0.0016785384956165216,0.071044921875,37.570247650146484,0.2
155.97753935,860160,420,2821,391.36,304,0.00025,0.83624226,4190,-0.5266189546324312,0.0044428864,86.6305431202054,-0.001204575295560062,0.050634765625,8.761083602905273,0.2
150.59710627,862208,421,2829,394.01,304,0.00025,0.8504997,4200,-0.5529163585044443,0.0057459306,107.31551034748554,-0.0014092508354224265,0.055908203125,51.63794708251953,0.2
155.35774238,864256,422,2836,394.36,304,0.00025,0.71223545,4210,-0.6065807066857815,0.005239156,145.34114054441451,-0.0020022685363073832,0.043505859375,16.88910484313965,0.2
156.02723774,866304,423,2844,404.2,304,0.00025,0.8032576,4220,-0.5538838095963001,0.0055614673,110.62551571726799,-0.003262833409826271,0.064306640625,107.91848754882812,0.2
156.09266591000002,868352,424,2852,404.8,304,0.00025,0.56856704,4230,-0.5352156719192862,0.0062527144,62.39060167223215,-0.0004920409002806992,0.03623046875,16.895751953125,0.2
155.04051056999998,870400,425,2859,410.89,304,0.00025,0.73367584,4240,-0.596611054521054,0.005514795,43.26419058144093,-0.0018144638102967291,0.053173828125,4.112410545349121,0.2
153.51798440999997,872448,426,2867,406.15,304,0.00025,0.8034556,4250,-0.5758934047073125,0.004138919,67.22149518430233,-0.0016545407648663967,0.039208984375,38.63612747192383,0.2
157.03823754999996,874496,427,2875,402.01,304,0.00025,0.6651753,4260,-0.5288750256411732,0.0043190937,129.738592928648,-0.003280998865375295,0.06962890625,60.85578918457031,0.2
156.48129997,876544,428,2883,405.96,304,0.00025,0.8122246,4270,-0.5929996080696582,0.004963287,89.74036609828472,-0.004340103635331616,0.07412109375,66.2660903930664,0.2
152.05873594000002,878592,429,2890,410.23,303,0.00025,0.5700729,4280,-0.4636871918104589,0.0033484537,147.10373690724373,-0.00347956896875985,0.038671875,12.852790832519531,0.2
151.43108328,880640,430,2898,395.5,303,0.00025,0.6667964,4290,-0.4700968579389155,0.0037538917,153.5249016702175,-0.00520341804221971,0.06787109375,30.2322940826416,0.2
152.03653989999998,882688,431,2906,391.93,303,0.00025,0.80630934,4300,-0.535507726110518,0.0022364461,141.75459848046302,-0.0005230012815445661,0.0275390625,61.99484634399414,0.2
152.31178433000002,884736,432,2914,392.04,303,0.00025,0.87876344,4310,-0.5746927001513541,0.0065760026,105.95581704378128,-0.0028850044473074377,0.068994140625,31.70917510986328,0.2
157.04184078000003,886784,433,2922,386.22,303,0.00025,0.8730333,4320,-0.55159349180758,0.004607519,49.40930508673191,-0.0011609287554165348,0.05908203125,55.70895767211914,0.2
158.03560682,888832,434,2929,387.44,303,0.00025,0.80851126,4330,-0.5144462094642221,0.005040135,129.08697565197946,-0.002214611097588204,0.0236328125,110.36735534667969,0.2
152.38824408,890880,435,2937,386.75,303,0.00025,0.8491577,4340,-0.5620379189960658,0.0065864897,44.0857491672039,-0.00292700489226263,0.05166015625,27.907583236694336,0.2
159.45569161,892928,436,2945,386.1,303,0.00025,0.7911864,4350,-0.5337659540586174,0.0020428095,193.72899158596994,-0.0018882298449170777,0.0353515625,110.35259246826172,0.2
160.05568693,894976,437,2952,394.41,303,0.00025,0.78610826,4360,-0.45468355929479004,0.005003818,113.36584126651287,-0.003328087745467201,0.0365234375,163.961669921875,0.2
155.66245879,897024,438,2960,393.06,303,0.00025,0.8542055,4370,-0.6021322363056243,0.008534866,19.38812876790762,0.0003870315907988697,0.076318359375,8.204707145690918,0.2
151.68967259000001,899072,439,2967,396.82,302,0.00025,0.7901725,4380,-0.5229522029869258,0.0021706475,118.4666098356247,-0.000697030137234833,0.04375,13.293943405151367,0.2
147.32237064999998,901120,440,2974,389.47,302,0.00025,0.7840448,4390,-0.5945847686380148,0.00955403,78.70997949838639,-0.0026233575117657892,0.115869140625,7.673816680908203,0.2
149.13502512000002,903168,441,2982,392.54,302,0.00025,0.8885298,4400,-0.6140087488107383,0.0032465602,87.60262920856476,-0.000816875796590466,0.053125,4.577922821044922,0.2
143.88233951,905216,442,2990,384.72,302,0.00025,0.7160671,4410,-0.6100753292441368,0.00536332,90.65504449009896,-0.0019364573294296862,0.056494140625,4.391097545623779,0.2
142.59056966999998,907264,443,2998,380.35,302,0.00025,0.79579955,4420,-0.5140311878174544,0.0023831835,167.48988622426987,-0.003957514822832309,0.038818359375,52.71134948730469,0.2
145.16334655999998,909312,444,3006,381.79,302,0.00025,0.8649808,4430,-0.5751428508199752,0.004517651,93.63212154507637,-0.0005544816827750765,0.059033203125,9.349847793579102,0.2
144.49541162000003,911360,445,3014,380.59,302,0.00025,0.7865236,4440,-0.5457022356800735,0.0046315417,39.20197633355856,-0.00272491779178381,0.043115234375,8.122323989868164,0.2
142.68190599000002,913408,446,3021,379.83,302,0.00025,0.7038511,4450,-0.4947148945182562,0.0037284316,133.4871069163084,-0.0033740642247721553,0.048388671875,142.19528198242188,0.2
147.51668701999998,915456,447,3028,381.51,302,0.00025,0.9107751,4460,-0.5888745636679232,0.0064630043,42.58939966261387,-0.001246993034146726,0.068017578125,16.759565353393555,0.2
142.70000825,917504,448,3036,369.01,302,0.00025,0.8423185,4470,-0.5111482458189129,0.0031095943,75.98975754380226,-0.0013678885152330622,0.03232421875,27.025489807128906,0.2
139.82254899,919552,449,3044,366.52,302,0.00025,0.8566142,4480,-0.5016721244901419,0.0026272538,176.5802452802658,-0.001542625279398635,0.04091796875,93.8140640258789,0.2
136.72004916000003,921600,450,3052,359.74,301,0.00025,0.531546,4490,-0.5231023584492505,0.002776552,217.02841426432133,-0.00032692381064407526,0.019580078125,114.59927368164062,0.2
136.47288275,923648,451,3060,368.68,301,0.00025,0.8027095,4500,-0.5345052526332438,0.0076526897,217.44197914600372,-0.0032676410366548224,0.056396484375,91.8622817993164,0.2
133.20314561,925696,452,3068,368.73,301,0.00025,0.7827382,4510,-0.4898651514202356,0.0047318554,86.56519995629787,-0.0011714442327502184,0.03349609375,42.76099395751953,0.2
136.65261988999998,927744,453,3075,371.49,301,0.00025,0.8080257,4520,-0.5440233668312431,0.0051020756,101.48283033072948,-0.003630473955126945,0.090185546875,101.73197937011719,0.2
130.26937299,929792,454,3083,374.55,301,0.00025,0.79774183,4530,-0.5144594624638558,0.006502038,106.37982403635979,-0.002558620474883355,0.042578125,23.74398422241211,0.2
130.32269021000002,931840,455,3091,374.09,301,0.00025,0.68573797,4540,-0.5903041157871485,0.0077813985,106.6857706785202,-0.002522395686537493,0.06416015625,9.184718132019043,0.2
128.37036949,933888,456,3098,381.71,301,0.00025,0.87701267,4550,-0.650149951968342,0.031459965,14.77160074710846,-0.03849373842240311,0.284375,4.160140037536621,0.2
128.89061494,935936,457,3105,386.83,301,0.00025,0.742539,4560,-0.5084534863941371,0.0066505303,162.063528829813,-0.005751672583573964,0.05078125,45.45332336425781,0.2
134.04430098000003,937984,458,3113,385.39,301,0.00025,0.8606377,4570,-0.47906472701579333,0.0057018893,60.22363916039467,-0.004358850413700566,0.057763671875,15.67940902709961,0.2
132.68891030999998,940032,459,3121,387.38,301,0.00025,0.82046974,4580,-0.5037186603993178,0.007731033,117.06440949738025,-0.006698668314493261,0.05478515625,85.24764251708984,0.2
137.36138877000002,942080,460,3129,382.7,301,0.00025,0.7483249,4590,-0.5048816068097949,0.0078577325,155.97979350090026,-0.0033620128539041615,0.059765625,64.14708709716797,0.2
133.93474695,944128,461,3137,382.17,300,0.00025,0.8022689,4600,-0.49404944498091935,0.0042497553,67.63447226583958,-0.0003020736505277455,0.040380859375,13.564818382263184,0.2
131.0674591,946176,462,3145,378.07,300,0.00025,0.6628616,4610,-0.5584633683785796,0.007265247,213.31299861073495,-0.0027027425996493546,0.05908203125,135.48187255859375,0.2
128.98679294,948224,463,3153,376.96,300,0.00025,0.7429676,4620,-0.5320368282496929,0.00458867,120.65378028750419,-0.0030129816601402125,0.056298828125,38.96073913574219,0.2
126.15121826999999,950272,464,3161,374.74,300,0.00025,0.81209195,4630,-0.5181372299790382,0.0069410633,98.91089693307876,-0.0010093781194882468,0.05615234375,30.806650161743164,0.2
120.8930915,952320,465,3168,370.86,300,0.00025,0.6985216,4640,-0.5453455766662956,0.006325875,239.23374412059783,-0.004352133981592487,0.071875,81.17227935791016,0.2
121.79098690000001,954368,466,3176,374.48,300,0.00025,0.8841091,4650,-0.576279413048178,0.0053127343,113.17042575180531,-0.0029410077462671325,0.068212890625,8.045761108398438,0.2
124.30428571,956416,467,3184,381.3,300,0.00025,0.81880784,4660,-0.5606887749396264,0.007790826,135.03999167233707,-0.0045135398773709316,0.064697265625,36.108726501464844,0.2
125.44507225000001,958464,468,3192,387.16,300,0.00025,0.7192713,4670,-0.42792938835918903,0.0035700165,179.08977165222169,-0.0014818919211393223,0.047314453125,55.29776382446289,0.2
129.46889057,960512,469,3200,395.57,300,0.00025,0.6556915,4680,-0.4889235501177609,0.0037355334,136.00694072842597,-0.0020618502603610978,0.0537109375,37.89364242553711,0.2
131.84304176,962560,470,3208,406.41,300,0.00025,0.87480295,4690,-0.5431208697147667,0.014272997,16.28225405588746,-0.0026648714381735774,0.142333984375,8.362373352050781,0.2
127.99764219000001,964608,471,3216,404.39,299,0.00025,0.85235524,4700,-0.48296183850616214,0.00475492,38.11457023471594,-0.004977306950604543,0.051171875,27.52804946899414,0.2
127.50558566,966656,472,3223,401.07,299,0.00025,0.8797043,4710,-0.5078151655383408,0.011128211,46.51994625777006,-0.003325213462812826,0.089404296875,9.204720497131348,0.2
126.93792957,968704,473,3230,403.61,299,0.00025,0.83525157,4720,-0.5237234373576939,0.0034475126,100.31647796034812,-0.00019769155915128067,0.0248046875,19.433937072753906,0.2
129.39985269000002,970752,474,3238,392.8,299,0.00025,0.82013047,4730,-0.5300002519972622,0.003233553,122.35239866673946,-0.0005611612359643914,0.03173828125,65.72327423095703,0.2
132.44429902000002,972800,475,3245,386.98,299,0.00025,0.77052844,4740,-0.4571626691147685,0.0037788805,120.21390067338943,-0.003643567288236227,0.028515625,45.410343170166016,0.2
132.70403119,974848,476,3252,383.96,299,0.00025,0.9238708,4750,-0.48443172331899403,0.004866357,34.10700179189443,-0.0035655210813274607,0.05927734375,8.087865829467773,0.2
134.08131404000002,976896,477,3259,392.16,299,0.00025,0.8357869,4760,-0.49141889801248906,0.0028677688,92.56704965233803,-0.0013851397176040336,0.0314453125,16.00497055053711,0.2
138.8969258,978944,478,3265,388.12,299,0.00025,0.8753647,4770,-0.5590604246594012,0.009791193,19.354088986665012,-0.00020048881560796872,0.10224609375,1.4731543064117432,0.2
132.45887175,980992,479,3273,390.67,299,0.00025,0.83580714,4780,-0.4925992419011891,0.0032569286,80.17122712433338,-0.0008961321145761758,0.0419921875,13.56370735168457,0.2
131.42256155,983040,480,3280,398.27,299,0.00025,0.90425223,4790,-0.60954842697829,0.008841338,55.53683967739344,-0.0011151495113153943,0.070263671875,7.219033241271973,0.2
131.42267458999999,985088,481,3288,410.5,299,0.00025,0.9000547,4800,-0.5253071281127631,0.1415258,40.72491817250848,-0.015154632755729836,0.170361328125,20.975120544433594,0.2
134.91468114,987136,482,3296,421.21,299,0.00025,0.84360373,4810,-0.450567308999598,0.003901356,56.11098060905933,-0.00219391665305011,0.036669921875,31.507404327392578,0.2
139.64230215,989184,483,3304,417.85,299,0.00025,0.76423705,4820,-0.45763309514150025,0.00461966,42.62049099802971,-0.004813887717318721,0.0451171875,28.0966854095459,0.2
135.66737306,991232,484,3311,416.34,299,0.00025,0.8231466,4830,-0.49683553725481033,0.0066395784,94.27295586168766,-0.0029100519022904336,0.04921875,19.072656631469727,0.2
134.46252584,993280,485,3318,420.05,299,0.00025,0.7470132,4840,-0.42657065857201815,0.0020021305,114.15213264226914,-0.0008267367586086039,0.023876953125,33.62509536743164,0.2
133.83728324999998,995328,486,3325,424.57,299,0.00025,0.7348423,4850,-0.49380776528269055,0.0053564664,215.1181909263134,-0.001967170198622625,0.056005859375,144.65406799316406,0.2
127.77843504999998,997376,487,3332,427.51,299,0.00025,0.69112146,4860,-0.47231280505657197,0.003873066,168.1617719769478,-0.0020234089795849288,0.041796875,26.500974655151367,0.2
125.35728767,999424,488,3340,433.33,299,0.00025,0.7562236,4870,-0.49245677450671793,0.0028224043,174.65035051703452,-0.003199955707532354,0.0484375,54.04143142700195,0.2
128.27538407999998,1001472,489,3348,429.93,299,0.00025,0.8775368,4880,-0.4054000673815608,0.0061445283,39.10149133503437,0.00014200717268977314,0.065478515625,17.838430404663086,0.2
