#{"t_start": 1744462279.9696674, "env_id": "LunarLander-v2"}
r,l,t
-123.468337,86,3.607555
-4.200258,126,3.800961
-110.956531,132,3.9742
-354.484167,73,4.086843
-198.417305,94,4.257383
-68.505424,65,4.369717
-359.724021,132,4.572543
-185.459832,91,4.728008
-198.262494,141,5.000372
-99.322434,65,5.116128
-135.589114,91,5.232129
-293.994716,88,5.350689
-381.450828,91,5.462263
-344.053047,92,5.5789
-231.210724,88,5.696792
-177.764367,86,5.832312
-180.789971,115,5.990957
-212.092804,95,6.122462
-92.519266,75,6.23305
-179.541683,109,6.401119
-182.200971,81,6.514482
-110.248298,124,8.747431
-62.255686,111,8.910692
-126.644283,90,9.057948
-311.35927,90,9.202248
-81.577169,94,9.353212
-92.943929,73,9.450316
-89.831445,71,9.55782
-308.995568,80,9.679953
-297.221709,78,9.801023
-105.038211,80,9.922008
-363.592042,107,10.085612
16.562155,75,10.210032
-355.053184,97,10.365603
-243.188051,114,10.542584
-227.360096,96,10.714289
-435.986601,82,10.8534
-249.656389,110,11.020556
-157.375526,123,11.231875
-139.385945,110,11.408054
-281.227856,107,11.583581
-97.70723,92,11.743886
-45.506675,69,11.863971
-148.034633,107,14.10116
-110.179063,86,14.245111
-117.75547,99,14.397977
-350.674394,87,14.538595
-121.969377,68,14.656267
-161.689777,68,14.778538
-268.420923,111,14.972608
-139.199679,115,15.180884
-129.076966,110,15.346928
-432.259711,112,15.530897
-82.46188,132,15.752024
-88.036289,97,15.919861
-141.814891,92,16.085788
-120.158961,53,16.176903
-426.214154,101,16.345082
-83.82897,77,16.477174
-83.883776,80,16.608011
-247.758812,67,16.718873
-250.354873,91,16.872178
-329.642506,98,17.049445
-416.499025,79,17.200264
-135.210333,71,17.327127
-371.363967,97,19.595313
-71.711332,67,19.72692
-123.412433,110,19.915336
-392.969262,89,20.115338
-127.773851,106,20.370279
-256.977636,108,20.627155
-228.115737,152,20.933114
-338.527684,81,21.070581
-112.272324,82,21.20482
-351.950423,123,21.416939
-17.188933,74,21.554619
-113.999346,76,21.68465
-130.50381,94,21.861044
-177.80979,100,22.034729
-161.886015,91,22.182321
-95.340114,83,22.316265
-68.791608,78,22.444741
-148.541812,100,22.607777
-90.371186,104,22.777898
-371.865033,124,22.977357
-45.343512,99,23.158462
-119.880819,79,25.236735
-74.858016,71,25.356156
-260.477885,90,25.508958
-234.007896,110,25.704154
-202.282645,90,25.860954
-264.891183,128,26.101814
-147.472488,93,26.270848
-368.978023,142,26.528441
-131.247289,93,26.688031
-87.481263,63,26.79356
-55.377659,74,26.923821
-206.41025,93,27.085194
-218.457763,72,27.204083
-127.58838,64,27.325613
-281.707061,112,27.531841
-257.164133,87,27.703931
-140.9497,114,27.897886
-85.953756,76,28.061095
-200.83961,106,28.344567
-307.714886,122,28.598569
-58.203236,62,28.733545
-67.597262,79,28.912101
-102.149019,70,29.038121
-111.022814,62,30.992398
5.16966,112,31.175847
-119.884886,74,31.30483
-221.661718,168,31.589439
-60.827863,81,31.740355
-212.115155,105,31.922344
-89.075444,89,32.077871
-292.190623,96,32.254327
-71.913066,125,32.466069
-87.173199,107,32.661792
-120.213562,102,32.828006
-151.269356,90,33.000905
-346.114884,127,33.227348
-23.055999,99,33.397708
-48.679568,81,33.531038
-81.353268,75,33.660133
-238.671376,116,33.857772
-174.815583,108,34.043798
-270.299522,142,34.311044
-83.104502,72,34.440686
-124.947831,125,36.791809
7.513859,122,37.030774
-415.330003,117,37.277769
-190.453653,102,37.506489
-139.640753,128,37.778061
-217.404089,114,38.015675
-155.182996,130,38.25664
-63.963865,73,38.379859
-146.766303,120,38.582184
-107.198415,118,38.782923
-122.205286,95,38.935791
-199.728404,102,39.110127
-144.626396,90,39.249286
-160.567027,84,39.39188
-84.570629,134,39.608979
-71.595106,85,39.746383
-243.962987,85,39.901811
-58.671843,71,40.030041
-230.440921,162,40.323419
-328.942677,168,42.545319
-75.634648,134,42.807455
-62.281622,79,42.942204
-75.242673,133,43.193717
-105.80429,106,43.37554
-227.496524,167,43.678251
-118.308945,104,43.872463
-105.747097,98,44.09997
-85.017755,76,44.294917
-189.5094,111,44.538899
-161.249548,109,44.76859
-99.934094,110,45.002983
-57.323988,74,45.13172
-127.523216,84,45.275743
-100.336558,100,45.44066
-110.022488,187,45.752753
-183.742549,164,46.011624
-108.340042,92,48.039442
-68.864896,105,48.246586
-54.89431,122,48.455323
-92.85475,99,48.616734
-218.911455,165,48.905563
-57.096744,179,49.211942
-129.470964,124,49.434996
-272.86134,272,49.917183
-21.61124,98,50.111936
-139.991129,166,50.435366
-211.064553,107,50.64409
-92.66169,199,51.016306
-263.289487,165,51.332177
-97.566902,135,51.571837
-107.062364,124,53.91337
-126.402155,217,54.28334
-120.216659,147,54.518885
-115.689925,117,54.712673
-77.823182,185,55.047725
-135.407188,146,55.290095
-32.026761,147,55.551495
-70.226242,117,55.75862
-84.969542,127,55.980564
-260.352098,111,56.190362
-108.805003,153,56.460006
-135.167594,95,56.62083
-66.878201,96,56.796986
-75.756498,154,57.07806
-65.073855,83,57.226954
-51.516435,169,59.467694
-85.440797,242,59.902137
-69.52777,223,60.433748
-75.579642,124,60.70222
-188.408177,270,61.208036
-28.056101,223,61.555621
-33.050805,117,61.734083
-7.296082,146,61.972406
-13.976048,157,62.210062
-229.765387,214,62.570754
-55.85341,158,62.905363
-29.369423,113,63.107532
-46.303473,156,65.2976
-56.728559,241,65.743531
-17.332428,121,65.960127
-85.244434,180,66.28614
-55.284496,191,66.654061
-11.288024,122,66.876869
-37.781085,124,67.080792
-69.11625,146,67.327367
-92.507313,158,67.590349
-119.995418,119,67.806607
-67.345023,156,68.164609
-30.524157,133,68.49888
-66.725562,168,68.834424
-55.506642,143,70.888166
-53.086524,97,71.052981
-104.815576,212,71.421784
-369.102155,200,71.744334
-209.638943,168,72.026183
-192.445877,140,72.286518
-94.689566,123,72.503771
-284.554868,157,72.762946
47.795691,186,73.087858
-38.861503,183,73.431532
-226.982979,195,73.793864
-15.495248,109,73.969059
-325.363073,183,74.288246
-55.947364,148,76.644035
-281.349226,207,77.065423
-73.54628,161,77.326587
-171.937292,114,77.514375
-58.331762,105,77.6838
21.726729,163,77.955913
-40.014132,150,78.196656
-196.674992,189,78.503459
16.454145,131,78.750455
-241.161102,159,79.066995
-294.049835,182,79.363868
-32.671408,123,79.560167
-288.54538,204,79.915598
-37.079362,133,82.014836
-36.367167,145,82.281326
-41.673119,212,82.638468
18.797312,158,82.937334
13.092331,126,83.19143
-52.307034,114,83.420216
-59.691859,134,83.675212
-270.257995,248,84.278753
-21.119659,138,84.613368
-105.817091,152,84.980557
-147.270544,194,85.322524
-24.481322,121,85.527937
-153.788971,231,87.824906
1.139854,143,88.070758
-22.957285,122,88.28237
-81.764207,225,88.684317
-48.699736,236,89.139219
-40.649888,197,89.471862
-131.356834,180,89.801543
10.754809,169,90.103833
-55.317963,161,90.411587
-48.576,254,90.859721
-10.587599,196,91.218921
-164.325255,193,93.612685
-6.962897,136,93.847994
-4.829348,114,94.075234
-67.563279,262,94.536174
54.401699,1000,96.316271
-80.322826,235,96.733155
28.977931,133,96.961748
-88.458897,208,99.31008
-234.735631,364,99.995774
-242.730041,222,100.562838
-184.108103,217,101.01713
-162.278512,166,101.282418
-85.659592,365,101.895381
-224.90323,193,102.204252
-59.373866,267,102.627486
-4.806235,203,104.837843
-19.543858,258,105.254966
-287.656608,375,105.931711
60.973387,1000,107.710174
23.532338,328,108.442751
-90.462026,373,110.989993
-25.797044,296,111.555817
-282.96039,233,111.969896
-232.770189,311,112.52929
-34.972871,152,112.819089
38.250377,1000,116.854284
-62.029165,123,117.111938
-215.687202,382,117.768039
-20.391144,429,118.568854
66.206223,163,118.882809
96.608721,1000,122.651534
3.373987,246,123.088526
-193.210204,289,123.587102
39.789789,1000,125.651885
-8.024058,403,128.314523
-36.870575,275,128.789117
62.791056,171,129.108712
-12.302433,316,129.682353
-6.10659,130,129.913169
-80.416665,332,130.551047
-13.200524,206,130.932104
-35.365323,296,131.467775
19.037998,211,133.91919
-182.935193,431,134.60469
-8.66164,191,134.933031
8.980296,179,135.242707
0.530449,195,135.596625
-52.06699,186,135.944139
-25.581618,344,136.562372
62.385042,1000,140.356024
-20.463746,232,140.901132
-33.897321,149,141.183941
32.442055,174,141.495336
-40.400082,235,141.894621
-25.979265,202,142.231568
6.347029,164,142.514461
-16.258979,149,142.758429
23.08964,155,144.918327
-38.83047,221,145.325111
6.471362,238,145.740025
-65.829435,261,146.264502
-163.125028,172,146.555684
-0.092552,334,147.157053
197.001625,844,150.900908
-15.039987,212,151.328089
-33.879832,171,151.637943
-6.75909,234,152.042903
24.159512,134,152.261862
169.763388,1000,154.068918
-198.841566,196,154.442966
-92.580784,321,157.21304
-0.782326,145,157.454869
0.031278,200,157.742977
-49.199752,190,158.037344
-76.264607,226,158.42368
36.987503,271,158.87499
-9.558178,222,159.237022
45.222824,182,159.546633
-4.852098,296,160.081533
-56.238363,180,162.364461
5.4415,225,162.764625
-17.86103,218,163.165642
-2.445814,322,163.703136
143.947635,1000,165.619475
57.460705,1000,169.3338
7.535506,310,169.885227
-81.165321,288,170.403189
-52.979532,229,170.808766
-176.907223,466,173.754824
-73.233857,347,174.307123
-4.175388,196,174.598241
96.690897,1000,176.396122
122.643729,1000,180.233821
-52.756554,370,181.062116
98.6385,1000,182.914865
172.585952,1000,186.819334
-12.078519,449,187.715975
-56.905467,218,188.193587
48.335132,1000,191.954173
15.900043,258,192.428991
46.401585,293,192.953257
19.026644,389,193.652131
-12.481793,310,194.224409
-6.903117,268,194.689414
98.39378,1000,198.524816
120.741927,1000,200.210986
93.785045,1000,204.021465
42.044295,1000,206.003412
106.561218,1000,209.621711
79.06075,1000,211.401359
78.058271,1000,215.243498
122.110653,1000,217.059514
71.08399,1000,221.131869
36.389684,1000,222.741714
115.618663,1000,226.371685
-52.053808,422,227.111526
103.602116,1000,230.979645
134.021688,1000,232.753342
69.240543,1000,236.638857
142.538153,1000,238.419308
130.882844,1000,242.136106
47.24968,1000,243.917805
134.230425,1000,245.938284
119.498208,1000,249.717941
117.757806,1000,251.61845
80.956662,1000,255.556444
114.611127,1000,257.356987
93.215137,1000,261.424865
-17.573185,427,262.131185
135.455507,1000,265.861558
161.170161,1000,267.659003
125.706335,1000,271.490181
74.966584,1000,273.26837
249.739004,725,274.575627
258.180054,599,277.875943
214.075457,610,278.913706
21.865752,280,279.43694
195.745639,877,283.06347
249.052997,536,284.057779
-55.82211,272,284.778201
269.344162,457,285.639268
12.390605,249,286.082683
214.456219,364,288.598447
224.914814,359,289.248355
88.660969,1000,291.086805
233.352017,358,291.718661
281.4926,409,294.591556
242.653576,479,295.39819
237.796585,414,296.144666
260.224815,515,297.058222
262.928786,420,297.806391
-3.688057,330,300.51275
236.986458,441,301.388227
215.04103,381,302.048687
242.262752,372,302.642203
228.50063,357,303.252582
242.403348,446,305.829403
238.085221,408,306.577748
270.599391,370,307.29096
217.087852,440,308.075282
251.049254,416,309.006559
226.513484,385,311.525639
26.662644,342,312.111742
36.081771,348,312.734554
1.134152,405,313.48238
211.714568,478,314.408766
-11.983369,283,314.937926
228.09039,398,317.819122
17.058649,419,318.498568
225.942491,421,319.210032
257.46086,356,319.797951
221.64223,395,320.451705
-47.44311,397,323.050867
198.934598,469,323.870475
216.327779,410,324.771089
-167.494447,704,325.990075
211.019811,478,328.687146
241.549611,480,329.522123
-58.081477,374,330.158484
224.285503,465,330.986964
69.839286,1000,334.793751
186.485996,501,335.678134
216.001195,493,336.512271
-11.316305,379,337.183748
247.923448,352,339.770808
232.862323,468,340.789769
202.130007,491,341.640414
183.520356,589,342.657017
207.784332,423,345.186607
215.723483,497,346.063275
200.256243,430,346.886227
222.272708,552,347.996031
16.392425,296,348.706761
234.771695,514,351.567965
-48.81427,398,352.263091
247.024808,565,353.335103
205.416577,422,354.068069
1.044037,293,356.687117
10.226975,327,357.321362
197.983761,382,357.941143
201.440541,435,358.671956
-6.447646,304,359.172652
-11.218798,336,359.730882
227.297026,396,362.301636
230.2184,431,363.048263
229.674041,477,363.919996
210.908196,434,364.911937
-33.002924,417,365.641887
170.44212,486,368.259814
230.691925,396,368.991706
203.186207,400,369.672411
-40.654519,408,370.407908
-8.829267,319,370.969095
5.796534,290,373.63892
243.775791,397,374.289981
231.31214,425,374.972955
193.7602,625,376.095764
183.0728,494,378.878097
149.196478,533,379.867978
-59.422375,443,380.897623
-97.623686,482,381.816728
34.258258,1000,385.531475
272.167708,359,386.15791
185.385711,546,387.158105
-42.82411,1000,390.97411
222.911067,426,391.694978
38.885665,1000,393.466643
165.743635,651,396.72083
205.643414,447,397.523317
213.19217,498,398.333632
214.491691,465,399.114806
14.490971,326,401.610089
228.037673,440,402.417835
-49.354823,241,402.827038
209.686074,365,403.501398
-30.528507,485,404.43283
209.389175,428,405.346658
193.159533,513,407.998144
245.062745,399,408.654596
217.378315,513,409.563321
-45.908599,344,410.190442
229.829792,453,413.173103
183.821105,478,414.034461
211.956462,419,414.759823
-92.490081,505,415.700022
213.325961,551,418.664441
200.424342,461,419.471882
192.061436,436,420.371484
202.523998,431,421.257423
233.250982,476,422.045624
-54.832134,332,424.472075
-60.229202,444,425.248369
235.759277,418,426.030652
-42.651848,413,426.725473
208.392074,397,427.428456
203.954709,468,430.235361
-55.242084,380,430.848495
112.117625,745,432.148255
183.708321,464,432.922033
-12.665262,478,435.760268
207.938429,413,436.638044
202.24404,442,437.477883
157.986256,464,438.233253
-88.358533,400,438.895496
192.991764,530,441.739466
186.594868,508,442.614243
230.492592,500,443.505039
233.284051,387,444.229734
-9.412233,228,444.759369
-65.564443,332,447.257179
227.813125,349,447.914534
232.041273,445,448.638192
176.503661,519,449.582169
220.20976,376,450.267529
213.621388,399,453.247844
201.348112,535,454.143814
224.73332,355,454.747202
237.595309,348,455.344397
186.801619,738,458.576313
212.156876,460,459.407072
211.024565,362,460.065569
199.044769,533,461.240053
239.377765,335,461.84001
-56.214684,366,464.237864
16.769738,248,464.656391
233.362742,311,465.186074
-32.933719,362,465.824853
15.503656,279,466.330968
249.248742,318,466.909745
174.285592,689,470.218407
231.771614,377,470.8393
234.812277,423,471.582133
-32.244894,349,472.234818
221.204651,448,472.993901
-52.270107,374,475.592293
9.097101,343,476.246167
168.910893,611,477.531093
229.504581,405,478.237027
184.992667,489,481.108047
223.284357,530,482.037456
276.48672,364,482.729688
247.844484,355,483.354082
191.669836,445,484.243761
187.068751,428,486.971874
66.591357,1000,488.772446
-34.475942,313,489.353278
176.169996,618,492.535111
209.74121,390,493.341915
179.552952,501,494.190927
183.393382,615,495.191393
-104.860965,471,497.995585
159.775226,501,498.866677
193.528009,592,499.909735
291.534482,389,500.778883
205.316386,497,501.689188
246.327387,363,504.036774
234.303511,549,504.976052
240.09018,367,505.621187
199.465102,396,506.334662
286.117027,362,506.953296
267.19339,384,509.740516
-62.237031,382,510.348001
189.797728,863,511.885868
259.901526,350,512.554407
-72.706124,360,515.268914
50.197563,299,515.795901
46.766111,304,516.435513
-168.075134,679,517.759778
-112.064621,499,518.5937
170.345964,460,521.207472
-53.659903,367,521.849695
243.169275,372,522.516643
179.931949,455,523.305554
-28.64705,333,523.943042
-39.039814,393,526.573724
182.96846,487,527.388759
7.249619,297,527.888692
195.282794,432,528.62909
207.769577,454,529.439187
198.076766,516,532.368084
184.367904,495,533.495878
163.198904,529,534.400592
-34.035243,359,535.022701
-46.129414,349,537.571968
195.992594,553,538.529639
256.23409,371,539.232822
220.08953,555,540.293635
145.502229,789,543.701251
-48.819431,485,544.590488
258.190558,380,545.33191
141.183561,653,546.579965
-59.880351,461,549.564942
242.829455,383,550.176935
225.294838,398,550.867198
-95.978979,618,551.943586
-49.262334,486,554.723817
170.531793,472,555.566067
251.276007,385,556.307817
165.071328,756,557.802392
181.801488,791,561.042525
219.912743,882,562.620733
233.856494,404,563.34848
243.728862,425,566.149007
-10.838925,328,566.670793
212.810298,591,567.67773
195.564308,459,568.483695
53.334029,1000,572.284605
98.728423,1000,574.221504
-98.103849,680,577.320905
235.456174,541,578.335677
213.635288,393,579.070317
181.525196,650,580.323846
-5.456204,333,581.131435
244.445038,376,583.572603
216.550925,393,584.260123
16.145743,330,584.80947
212.428617,449,585.625819
27.553729,319,586.172854
-19.209265,264,588.660393
203.988946,475,589.567147
188.442508,646,590.65076
161.313297,582,591.635545
249.387164,400,594.268227
-28.601556,325,594.865252
-34.598045,463,595.702852
238.23509,452,596.690762
234.628179,415,597.515449
-58.845725,295,599.755609
215.985528,461,600.587415
-4.961203,293,601.0887
184.116833,569,602.148854
-40.082407,522,603.059431
196.199582,454,605.905021
246.740369,382,606.555583
-32.318182,391,607.242584
219.694512,441,607.944524
186.873143,544,608.8831
-56.282359,390,611.699769
-24.0691,291,612.393497
174.695907,487,613.396313
218.693012,404,614.044242
190.349035,464,614.801646
225.284744,761,618.092247
162.614362,588,619.194183
-48.900234,400,619.901231
-65.281585,371,622.623999
218.16557,429,623.341557
-98.49466,361,623.955933
-50.219511,320,624.50508
-59.709654,486,625.337013
215.289749,378,625.996954
-54.591813,440,628.918537
-39.006089,538,629.878569
208.087557,403,630.544157
-45.062558,285,631.024136
134.342983,581,634.002789
101.432961,605,635.174282
20.722305,1000,637.424478
-79.400641,415,639.99142
-41.905533,277,640.472368
248.169269,414,641.225107
216.214725,426,641.971067
197.584738,463,642.872989
-41.944991,373,645.792438
232.630858,441,646.534095
50.561389,1000,648.292879
-41.476656,307,648.84555
189.795582,334,651.392084
-39.510295,1000,653.445019
187.982539,415,654.135964
179.342526,502,654.97208
-44.164148,1000,658.762616
-64.640393,408,659.526281
163.524968,592,660.74292
215.496606,583,663.754228
-102.566354,539,664.66053
-31.434822,350,665.291048
176.993347,789,668.868631
100.753848,1000,670.657207
223.496271,394,671.295171
-120.577354,793,674.707762
289.243544,516,675.622656
79.701464,1000,677.723656
-152.084939,526,680.591762
-14.286356,301,681.09389
126.129096,743,682.386072
195.437608,474,683.253069
-63.040783,1000,687.066546
-108.227232,614,688.090215
179.172332,483,688.965345
158.380124,624,692.103816
-39.530655,1000,694.067795
-61.147644,1000,697.711027
-73.675234,1000,699.560872
-10.971341,1000,703.36057
-35.51689,1000,705.118433
199.370817,462,705.921302
185.223671,376,708.668932
-57.275317,279,709.289655
-51.147365,1000,711.071923
203.647695,423,711.821502
200.091407,346,714.426128
-94.163883,496,715.364901
-74.850459,236,715.793411
-83.784666,466,716.77753
192.259555,471,717.665888
-137.1205,724,720.666572
-61.83477,1000,722.436087
225.329165,336,723.03444
215.907447,451,726.002206
-176.456204,981,727.669724
9.906471,284,728.151568
221.961462,387,728.802099
122.609777,917,732.539413
-73.315124,1000,734.376221
-140.814677,610,737.372691
193.237194,518,738.287465
188.014779,484,739.141933
229.736014,450,739.968975
-22.072268,1000,743.961519
200.01624,463,744.779141
-31.653953,1000,748.631891
204.047647,583,749.739536
221.985884,389,750.36848
-21.903456,344,750.925604
140.102194,551,751.898165
-64.490802,288,754.295211
-28.819453,253,754.744403
238.136973,404,755.474127
8.319211,1000,757.465731
-55.398078,1000,760.942164
-81.427907,587,762.023684
-57.175326,1000,765.921035
197.756592,486,766.799978
154.682096,583,767.84751
-25.46122,390,768.557993
-79.775526,328,771.221278
201.902721,769,772.794409
173.674922,437,773.704798
186.09962,468,774.465976
184.996126,497,777.358632
183.732326,457,778.191598
-92.909069,440,778.984498
179.274616,729,780.39182
-58.336725,304,782.931823
208.129397,583,783.919311
236.376606,481,784.757268
-37.55727,1000,788.579629
151.408924,695,789.94915
216.257206,503,790.8016
198.636105,491,791.645175
79.302386,1000,795.313398
172.320405,441,796.149518
171.842361,427,797.117519
175.922914,369,797.807994
-87.261987,562,800.518774
-37.410455,328,801.087706
-35.473701,554,802.082067
198.962621,633,803.221415
200.274152,696,806.499889
-26.934293,279,806.981505
-68.46139,342,807.589926
-58.996924,584,808.76701
-89.130442,270,811.285085
-16.458816,226,811.709259
204.140555,517,812.781306
218.230331,379,813.553283
199.662684,451,814.335997
-63.620049,155,814.597097
-100.89505,676,817.6552
179.148474,436,818.468214
150.484826,451,819.268158
189.997937,548,820.285923
216.367465,425,823.093976
223.72807,487,823.935758
221.203694,473,824.770299
-68.687372,695,826.023383
228.138647,429,828.919987
135.40428,536,829.88116
183.761616,523,830.726231
-58.680628,275,831.204546
207.16099,401,831.8559
-52.507909,266,834.27696
-44.325522,283,834.780008
-129.114305,302,835.338484
-114.308362,354,835.997324
-39.78987,251,836.566062
233.280113,408,837.393499
-45.805855,350,839.833391
231.134797,398,840.545758
205.706766,432,841.385338
213.741547,476,842.317231
210.702744,757,845.855126
220.741172,470,846.655976
197.089938,434,847.392809
179.932798,343,847.987618
182.660632,355,848.598507
-87.509712,335,851.13234
-69.526824,407,851.867722
210.721508,374,852.654159
76.506817,1000,854.381033
182.397996,462,857.075267
198.416911,935,858.760415
-80.964156,344,859.368885
-36.449836,365,860.061403
-103.573874,579,863.094652
203.17908,391,863.763151
155.047418,546,864.708124
120.630404,1000,868.690455
194.50889,463,869.547582
144.638244,562,870.496682
153.666373,674,871.643947
241.470511,490,874.450587
235.421297,439,875.27948
-92.429467,385,876.050312
170.153234,543,877.263856
219.739122,475,879.841579
163.636429,544,880.811305
177.726095,524,881.748792
179.56176,418,882.528339
192.43071,459,885.495141
-182.923782,444,886.239248
-81.859838,374,886.85458
-77.556999,308,887.371586
-43.505153,468,888.184377
151.536577,891,891.692847
-40.021838,286,892.237899
191.217596,538,893.41376
180.55901,405,894.084636
209.709047,430,896.67679
221.113943,429,897.396667
-24.460354,345,898.01204
208.899516,633,899.143038
190.115352,516,902.159776
-48.43321,256,902.560412
-111.916428,344,903.112251
208.272117,510,903.977498
-65.168049,317,904.52374
-89.985668,497,905.373423
-92.523364,306,907.976659
141.05941,615,909.400789
-46.870878,155,909.663095
-70.970263,356,910.282237
140.692737,681,911.452341
219.039597,422,914.169558
151.253562,673,915.417591
186.906352,447,916.234467
-56.987925,312,916.96782
208.176037,571,919.76819
187.635837,333,920.375173
216.231212,457,921.193628
-38.151831,1000,925.141651
81.860382,1000,926.897142
175.846482,376,927.590467
222.447156,614,930.567108
151.731762,664,931.741189
-55.221057,267,932.238712
166.916287,441,933.287513
203.096253,449,934.039585
-42.206751,425,936.589569
215.866119,393,937.285239
-71.742954,364,937.953103
160.008303,412,938.679133
-133.54959,852,942.42832
129.096425,864,943.884677
166.337021,561,944.833856
180.653405,483,947.672631
145.297922,567,948.908611
191.587334,447,949.751674
-28.880208,328,950.293648
-39.58119,348,950.866071
204.145083,428,953.5429
-57.388028,201,953.893478
185.639915,436,954.66905
-83.402951,598,955.746006
190.590528,573,957.030264
169.587151,510,959.771617
193.285121,488,960.643206
91.001935,955,962.338727
-133.337558,453,965.238944
87.37743,1000,966.905959
199.832445,435,967.668959
-71.389365,375,970.283615
136.950713,536,971.220417
179.514314,545,972.217119
213.215693,409,973.20908
162.007813,721,976.394861
214.854083,423,977.146959
-31.426162,308,977.700283
135.380745,498,978.584806
-54.63467,250,979.063324
116.960742,785,982.471983
170.532636,461,983.208844
-76.333605,434,983.993534
195.021845,431,984.732405
201.510292,445,987.492969
165.306082,439,988.271849
-64.710582,222,988.808252
171.431051,583,989.929036
183.463815,761,993.172577
195.709094,433,993.954904
215.645264,483,994.852583
128.043955,739,996.181348
-55.928718,215,996.688029
-28.194003,297,999.110034
-58.438717,267,999.625973
-157.992449,621,1000.708146
-74.160664,372,1001.380077
-75.754075,175,1001.691379
166.134577,422,1004.498832
221.567893,431,1005.452181
167.577232,395,1006.148698
-75.29293,167,1006.446756
171.741444,462,1007.271972
124.163395,673,1010.49383
-79.596517,251,1010.938904
-174.017152,773,1012.325976
186.475149,469,1013.383888
17.497396,1000,1016.954194
191.096584,427,1017.720607
-60.680247,259,1018.220088
106.901586,649,1019.364004
-88.078813,156,1019.643608
-90.134159,296,1022.233106
253.039743,524,1023.099757
-66.495782,209,1023.44583
171.516687,432,1024.188901
-57.182696,316,1024.740389
204.39547,755,1028.069099
192.023458,430,1029.00153
149.877278,585,1030.041084
176.829424,398,1030.708798
-185.148725,390,1033.299396
-151.565549,751,1034.615606
161.403829,426,1035.385672
-128.282727,446,1036.206149
-46.725742,313,1038.784559
-75.155188,166,1039.074975
168.950457,450,1039.900465
-74.25371,254,1040.376184
228.040803,464,1041.278631
-65.694715,211,1041.665908
-56.261019,246,1042.10292
-84.354575,472,1045.003727
178.319284,461,1045.819205
179.082574,514,1046.70376
-100.616848,404,1047.390515
-103.866605,327,1047.967229
-116.705576,338,1050.42368
-84.53463,205,1050.798365
165.315734,481,1051.674491
-63.53797,415,1052.47102
-47.888096,359,1053.300904
-67.222645,227,1053.678605
-88.399328,142,1055.708577
-88.075471,353,1056.322877
-69.936949,184,1056.680053
91.617106,671,1057.868192
-86.643815,239,1058.296525
208.851468,510,1061.30948
-67.685106,185,1061.617157
-60.081034,161,1061.915836
176.472217,653,1062.974384
69.593492,1000,1064.637331
-51.451629,477,1067.462007
-134.375126,499,1068.389363
-45.293548,284,1069.059795
-172.814677,400,1069.777405
214.494545,412,1070.473764
-75.796559,292,1072.978423
-74.657865,325,1073.573613
134.921462,659,1074.767913
-114.303188,439,1075.569477
85.955557,1000,1079.403199
98.919072,706,1080.655483
-66.521543,212,1081.012986
-53.335207,174,1081.302293
47.906054,1000,1085.217632
-66.385724,152,1085.474457
-76.591471,239,1085.886584
183.060814,432,1086.627732
-74.94567,190,1086.960412
205.226475,629,1089.964087
183.09282,464,1090.757331
-72.894681,361,1091.393894
-69.198581,291,1091.913832
-92.702315,413,1092.753849
154.133654,716,1095.940672
-78.757769,153,1096.213615
186.558255,490,1097.097751
112.378711,960,1100.983344
217.813575,421,1101.732089
-58.051225,341,1102.281344
-28.316141,390,1102.924204
-37.374965,258,1103.345211
-47.863667,186,1103.669721
-45.718936,239,1104.102787
-60.385698,194,1106.452369
215.060561,528,1107.448051
180.2064,416,1108.233773
-97.879258,277,1108.891265
-61.339673,201,1109.319272
173.972228,473,1110.10547
-54.068278,194,1112.216881
188.397304,445,1112.982837
217.272644,557,1113.965048
128.289863,530,1114.928782
-68.050166,155,1115.205044
123.65642,680,1118.386227
-47.162473,589,1119.391974
203.178041,442,1120.140645
-63.84678,360,1120.753365
-55.868436,328,1123.260866
46.376324,1000,1125.322855
190.305031,494,1126.164463
-98.094828,484,1126.942407
-158.619836,506,1129.72999
-68.293606,211,1130.108978
-74.103204,147,1130.362144
-68.292473,353,1130.961924
-65.129724,197,1131.336811
232.637468,425,1132.099987
38.252873,1000,1135.806817
-102.335347,421,1136.513629
160.647112,900,1140.217885
-67.718704,147,1140.521477
-74.385781,353,1141.284152
-72.965186,181,1141.611973
-49.178151,326,1142.166972
154.785872,599,1143.128262
166.316417,588,1146.073688
-61.913657,518,1147.020973
191.127528,561,1147.996868
225.698099,637,1149.379298
-73.956205,185,1151.503748
135.629287,588,1152.538101
228.599484,466,1153.335094
183.637126,423,1154.100118
191.294983,349,1154.761775
164.355485,490,1157.808321
232.384332,481,1158.600323
-50.652507,195,1158.906162
143.058828,578,1159.871034
65.773941,1000,1163.709163
228.692274,430,1164.570947
202.439412,416,1165.437031
223.717383,466,1166.270149
-67.448543,366,1168.700107
109.256438,1000,1170.497002
232.192817,377,1171.236671
-45.392657,261,1171.720945
-85.630468,364,1174.474793
-63.6877,154,1174.73705
78.059739,1000,1176.451831
149.564869,525,1177.348227
-80.045093,377,1180.052249
185.012082,438,1180.979804
195.242188,444,1181.838777
-53.07583,329,1182.383321
175.001766,452,1183.112811
193.037475,451,1185.837132
190.111586,494,1186.735154
115.184794,1000,1188.680776
197.210741,486,1191.393011
-82.967286,647,1192.559184
204.691206,389,1193.252179
216.398644,401,1193.939225
188.26664,816,1197.5298
-84.661904,545,1198.44083
211.615394,382,1199.131657
-41.3006,243,1199.530482
-68.686765,159,1199.810846
-54.056869,443,1202.891105
233.780849,976,1204.817722
198.734227,402,1205.589333
231.957227,393,1206.231764
-97.171345,268,1208.547206
77.21379,1000,1210.457569
107.143439,1000,1212.415243
45.146978,1000,1216.35877
190.161465,410,1217.143496
-61.498385,494,1218.114438
210.547634,456,1221.107991
-42.877567,229,1221.582206
164.562127,490,1222.469867
209.039605,500,1223.392121
154.067466,501,1224.388338
183.502803,517,1227.370257
-86.937679,354,1228.088895
7.094004,345,1228.947142
-121.799191,592,1230.186315
-58.264341,185,1230.5267
215.305645,650,1233.675581
-91.787335,633,1234.922555
44.989279,1000,1239.165386
203.60395,424,1239.92335
-105.56563,560,1241.012857
93.998268,594,1242.177737
122.57988,512,1245.313641
-45.470165,475,1246.157774
194.901452,398,1246.884077
226.242337,411,1247.688141
139.79614,521,1248.700797
186.445433,443,1251.463838
-34.515844,192,1251.882013
-56.764241,234,1252.430174
34.349312,1000,1254.652172
-61.236273,355,1257.307573
-33.946109,1000,1259.347423
220.131345,432,1260.243694
-41.630039,327,1261.083346
-62.708573,354,1263.823951
224.088351,414,1264.629812
-56.90771,196,1265.019186
-10.868911,250,1265.531927
-77.074776,401,1266.363282
120.703583,592,1267.604104
-46.237537,330,1271.39383
-40.446096,348,1272.358876
-83.925729,419,1273.388088
221.257504,421,1274.284006
-81.343779,341,1274.90825
150.64373,692,1278.350565
-57.885472,370,1278.961472
-53.89745,556,1279.837602
180.02364,630,1282.848245
213.657315,422,1283.652313
-74.813587,304,1284.254308
169.668254,399,1285.208205
85.781895,1000,1289.22054
138.660438,721,1290.650222
-51.583711,170,1290.986215
175.071548,554,1292.132482
148.329287,945,1296.169843
234.406391,380,1296.937525
-40.112119,193,1297.329769
-125.117191,408,1298.195658
129.248767,692,1301.839997
-57.975006,289,1302.34178
-99.735619,338,1302.962991
185.204038,590,1304.134312
-113.992981,542,1305.281993
-27.932533,304,1307.971345
-147.751347,319,1308.774853
225.322874,412,1309.670972
-97.770424,346,1310.351837
145.859504,614,1311.383991
183.816937,545,1314.169629
-50.492799,172,1314.478589
78.546702,1000,1316.384858
-52.198552,406,1317.402082
140.369835,368,1320.018358
-32.563532,323,1320.652702
-43.492789,197,1321.036606
-38.963228,441,1321.942122
215.166716,381,1322.723127
190.88321,433,1323.63053
-86.164268,350,1326.44587
190.147115,485,1327.329211
206.176752,377,1328.049365
159.409607,620,1329.346727
247.359216,365,1331.881236
207.584733,369,1332.472107
-55.527176,351,1333.143975
78.407776,1000,1334.99544
50.918608,1000,1339.0104
194.71503,466,1339.954057
-16.958451,299,1340.651134
166.779925,575,1341.930369
165.959967,601,1345.02531
87.119147,1000,1347.139979
202.174429,397,1347.945043
-77.363627,375,1351.027178
92.884205,1000,1352.835939
-40.02127,284,1353.356691
-67.846434,591,1356.520158
-70.601364,307,1357.26425
217.3887,414,1358.061401
208.886792,360,1358.69872
127.034456,552,1359.761734
211.049094,379,1362.688604
198.222432,378,1363.479641
194.195176,906,1365.602446
84.780788,550,1366.645322
-31.757933,337,1369.267772
213.304423,477,1370.45016
56.690717,1000,1372.298464
161.249814,641,1375.442973
174.32812,534,1376.419995
-69.804113,345,1377.062846
-100.519089,319,1377.672013
177.19904,439,1378.5234
163.624899,422,1381.544504
157.883595,654,1382.713818
146.060471,428,1383.50446
-8.88238,354,1384.249867
187.110507,437,1387.127954
-49.702728,163,1387.439565
208.12262,396,1388.211653
-120.441351,346,1389.102549
192.500223,356,1390.092948
248.936403,350,1390.836592
224.56227,996,1394.487004
199.082743,365,1395.193504
226.619017,417,1396.080603
191.230383,370,1396.898767
-63.120219,268,1399.50065
162.748986,441,1400.41325
-43.032342,346,1401.132139
-9.28181,283,1401.713926
-11.398463,379,1402.506643
239.763851,379,1403.348714
249.733548,367,1406.242671
138.983794,601,1407.342105
203.745169,360,1407.985646
222.42164,417,1408.780371
221.854074,670,1412.349188
205.785513,411,1413.298171
-67.439103,263,1413.845503
-52.062628,230,1414.288118
196.267261,429,1415.147774
213.880642,415,1415.978053
173.074578,488,1418.867023
166.192765,448,1419.78431
213.225245,393,1420.696459
-26.194751,246,1421.294176
204.47147,429,1422.181062
-31.224209,314,1424.726512
-43.38442,537,1425.875855
-27.974943,339,1426.629201
191.887243,410,1427.51422
178.012354,543,1428.709612
199.383778,284,1431.552549
83.09788,1000,1433.427973
135.094146,620,1434.608808
-33.673078,331,1437.595011
234.651307,370,1438.288246
247.168506,378,1438.992707
146.431327,686,1440.33044
230.838615,367,1441.045388
-47.146816,332,1443.67642
-58.783587,333,1444.393567
206.536642,389,1445.387599
172.157461,428,1446.262808
192.752217,413,1446.997278
185.994529,483,1449.973303
194.460425,460,1450.941564
246.954,354,1451.492865
228.257025,364,1452.128527
-5.669887,341,1452.701451
-19.937115,342,1455.060457
-102.811672,408,1455.787618
158.214391,602,1456.900359
188.979171,314,1457.480802
81.236343,1000,1461.722265
235.912911,368,1462.404854
192.917051,393,1463.125205
198.30126,373,1463.867697
-27.361052,187,1464.252798
208.179038,459,1467.062478
228.791908,354,1467.820486
206.019154,390,1468.736088
206.900249,324,1469.598386
199.42691,404,1470.774295
-9.125018,294,1471.307405
-44.207045,416,1473.831912
187.328341,421,1474.645265
209.52821,388,1475.389994
-28.600464,301,1475.962841
145.259757,862,1479.867036
-82.560812,239,1480.386393
181.644286,359,1481.13402
-51.486615,420,1481.969065
206.737044,396,1482.833814
-29.165663,252,1483.34187
216.379419,350,1486.226555
64.302048,1000,1488.125489
202.255553,512,1489.215768
-48.305986,353,1490.154054
188.649785,445,1492.88417
62.488382,1000,1494.920252
220.714224,437,1495.749036
-35.454305,286,1498.348784
179.951887,442,1499.237325
245.94874,392,1500.059581
201.119132,367,1500.981376
59.177508,1000,1505.277935
-36.152903,390,1506.085654
216.665382,358,1506.849375
209.194383,458,1507.771891
182.586531,442,1508.859807
21.374237,1000,1513.162241
-50.994933,382,1513.873718
224.238324,375,1514.599344
206.488021,368,1515.307297
182.122526,429,1518.336316
178.338698,465,1519.199951
168.511504,325,1519.83791
218.572574,384,1520.56047
160.711928,656,1524.070796
-61.545491,156,1524.410787
-16.54662,360,1525.500793
177.030064,449,1526.318179
186.74911,415,1527.145662
-72.281716,269,1527.698382
166.973856,348,1530.832702
172.371501,400,1531.598675
194.528368,420,1532.373377
194.874196,408,1533.404616
206.856276,421,1534.272017
163.527898,320,1534.90566
209.599732,353,1537.951309
-50.284259,306,1538.618093
-50.983821,352,1539.333401
81.955678,1000,1541.726113
-89.39706,211,1544.128306
223.62564,479,1545.082564
171.941573,504,1546.087745
-33.418353,185,1546.456949
-20.349967,316,1547.139655
180.019876,526,1550.592677
159.908991,480,1551.627211
-52.398754,266,1552.141418
180.474051,406,1552.962308
218.99024,517,1554.001886
226.793963,356,1556.90647
-46.856234,212,1557.411279
223.476342,369,1558.156393
-96.398363,231,1558.598221
-39.273167,222,1559.059993
168.882945,948,1560.979562
209.971654,301,1563.627189
184.94012,393,1564.534184
201.568294,498,1565.667862
168.287561,377,1566.372835
167.732202,389,1567.127315
63.137519,1000,1571.403733
207.609476,365,1572.005594
-25.413561,345,1572.599464
180.193571,437,1573.379605
-76.99351,198,1575.668187
-38.892266,182,1576.001137
-20.287238,335,1576.684822
203.343724,740,1578.529234
210.124309,408,1579.32644
254.918392,357,1582.262367
64.427175,1000,1584.266833
192.822344,335,1584.876535
171.988293,262,1585.382646
153.400344,520,1588.491039
205.57084,408,1589.559608
-49.770609,177,1589.909682
200.754207,449,1590.811983
209.165709,1000,1594.84288
98.398313,1000,1597.144045
-39.866201,296,1597.77677
-70.728239,161,1598.090841
-19.876124,231,1598.480556
197.921223,402,1601.371629
199.655881,373,1602.212943
215.252727,316,1602.876057
202.406554,284,1603.472289
-15.74547,307,1604.105264
45.149139,1000,1608.44653
136.962634,964,1610.365698
-43.753581,286,1610.965179
-50.408549,354,1613.989227
259.034398,317,1614.575039
0.102404,312,1615.118299
-15.527521,293,1615.70137
226.625011,364,1616.465989
-9.631365,192,1616.836443
-54.898477,369,1617.594829
232.766382,321,1620.29003
64.783363,1000,1622.462388
154.95067,450,1623.345858
113.124935,1000,1627.428882
227.82289,532,1628.478365
296.317454,375,1629.538998
149.871565,938,1633.37635
133.424972,473,1634.380764
166.083589,575,1635.667048
202.030049,283,1636.289605
-118.992364,341,1637.175128
254.321047,311,1639.790479
204.330761,464,1640.700662
-46.359339,263,1641.24507
147.289991,533,1642.36499
237.409805,390,1643.183093
264.183049,347,1646.226211
-1.962498,338,1646.828495
168.034931,412,1647.626854
144.487491,601,1648.789425
213.695705,397,1649.558703
241.320278,338,1652.649105
4.978294,277,1653.331524
233.2553,338,1653.9476
210.014412,351,1654.54616
238.584693,378,1655.137133
211.290676,334,1655.757308
234.389383,336,1658.301003
159.563651,504,1659.291873
118.529961,482,1660.253732
211.575668,373,1661.169578
210.279159,335,1661.899839
223.758655,290,1664.397789
198.762808,392,1665.160921
-7.077346,193,1665.522849
248.826167,320,1666.186012
222.923338,375,1666.988276
214.762115,333,1667.77511
246.259403,378,1671.067863
181.07503,483,1672.002138
196.634738,419,1672.877286
223.678337,434,1673.756477
244.352427,372,1674.561455
221.743115,362,1677.684567
174.001043,349,1678.42337
217.114949,381,1679.187541
218.491843,333,1679.973589
-58.890733,310,1680.678427
-58.581152,297,1681.364648
232.851286,327,1684.170439
-61.854887,345,1684.954678
260.718639,312,1685.690306
210.745473,330,1686.293504
165.228446,430,1687.115777
218.140194,398,1687.882434
124.593433,1000,1692.110578
-99.924617,172,1692.467923
197.54248,455,1693.592672
196.830064,688,1697.076398
244.490934,284,1697.645891
-158.907723,378,1698.529549
-53.399804,250,1699.085447
-32.50422,295,1699.70615
227.418688,331,1700.452833
232.237855,361,1701.523236
249.526459,454,1704.575925
236.291894,374,1705.362953
88.659232,1000,1707.440019
194.645611,561,1710.986825
-13.112914,319,1711.602645
222.95599,375,1712.36113
209.831163,315,1712.929206
232.513758,309,1713.578919
-72.240854,248,1714.058707
-27.010779,272,1716.725304
-64.69718,292,1717.473421
200.69441,388,1718.279647
241.44513,358,1719.042184
180.822514,429,1719.878122
208.69296,320,1720.53231
-5.984993,199,1723.04619
155.004609,422,1723.896642
27.660754,1000,1726.247927
221.154368,601,1729.461187
2.834198,307,1730.146326
-63.156033,326,1730.846679
166.366643,436,1731.781083
184.822155,310,1732.464192
-42.813602,273,1733.222486
202.035081,407,1736.242674
203.979086,367,1736.949803
218.359037,303,1737.592397
241.290165,330,1738.22093
-215.299513,554,1739.413158
199.610503,356,1740.187514
201.082806,407,1743.284274
233.203532,308,1743.872686
-65.911261,352,1744.537879
-60.399465,362,1745.240001
212.77479,347,1745.909915
221.420329,298,1746.499913
203.929782,337,1749.714243
-46.702076,295,1750.258682
-53.64622,351,1750.884551
117.472791,1000,1752.85727
166.68251,420,1755.852065
185.872339,399,1756.691117
140.809042,458,1757.814447
52.766887,1000,1761.762818
240.525058,356,1762.492715
-82.600219,209,1762.964048
247.554947,278,1763.541563
247.965153,375,1764.356333
204.763441,408,1765.372719
155.794121,387,1768.294516
-58.394329,300,1768.886128
208.159973,402,1769.654163
142.318371,416,1770.482825
234.932472,362,1771.244551
4.991137,667,1774.657838
-162.614482,563,1775.9872
-27.331231,216,1776.511984
-57.244777,300,1777.515351
127.44131,479,1778.553372
210.302245,352,1781.920558
202.638288,267,1782.626334
249.379954,452,1783.709479
-82.426264,151,1784.05503
-77.529703,297,1784.757473
201.268387,292,1785.463093
209.440451,342,1786.34121
178.273657,417,1789.538312
147.122521,630,1790.755553
-78.027971,302,1791.312598
-60.938635,299,1792.022202
-15.461188,146,1792.344949
237.208049,404,1793.192564
-63.183194,329,1795.961944
202.627596,414,1796.655168
75.441622,1000,1799.290823
-35.379952,300,1800.010555
171.09367,458,1803.930344
102.102909,1000,1806.433009
124.010863,524,1807.464246
154.522661,415,1810.506195
79.014502,1000,1812.463592
-181.079427,635,1813.989478
236.993012,383,1817.015487
116.279053,492,1817.927045
-28.782029,367,1818.597391
210.730258,354,1819.311778
-77.352642,327,1819.940423
140.705751,439,1822.964268
239.954039,331,1823.660702
218.473132,321,1824.259677
250.518777,345,1825.058502
12.117604,1000,1829.629716
151.870281,477,1830.675356
179.197372,334,1831.446184
228.133372,422,1832.510372
170.752666,423,1833.50666
179.659269,373,1837.19165
-55.095862,332,1837.936538
-80.678413,319,1838.636308
27.397995,1000,1841.404398
189.327181,414,1844.690912
-105.14078,401,1845.612436
158.59971,429,1846.525017
223.568035,408,1847.48637
-107.154209,418,1848.410724
174.766255,247,1848.961833
235.812243,341,1852.249559
84.188579,1000,1854.911653
-50.228263,246,1855.491709
102.207211,536,1859.181704
-63.744114,231,1859.800427
-76.263739,295,1860.622822
175.994502,378,1861.442922
217.099796,261,1862.009661
163.947521,381,1862.746281
-74.716731,177,1863.173389
22.811774,625,1867.565648
214.641687,377,1868.429843
206.029823,330,1869.360844
89.589873,1000,1873.46151
-84.183592,378,1874.17638
146.405818,400,1874.993773
115.584178,1000,1877.340302
212.246939,336,1880.23802
-56.892116,285,1880.819505
-73.272332,268,1881.301915
-73.305339,413,1881.988288
168.764662,370,1882.704054
-77.332167,156,1882.968023
190.763471,499,1886.035579
-72.872259,360,1886.682697
-109.342839,341,1887.331985
209.049523,315,1887.969868
-30.239547,335,1888.616873
200.177549,378,1889.410069
202.975146,419,1892.383537
67.24063,1000,1894.627852
-82.263618,275,1895.142076
-76.798986,354,1895.78666
-82.57075,278,1896.451984
77.979169,1000,1900.836695
-92.700299,159,1901.25382
135.399414,411,1902.304479
-188.208699,437,1903.219441
21.570602,207,1905.848326
209.541782,308,1906.547787
128.892413,552,1907.603246
187.3985,528,1908.757363
222.99337,316,1909.569607
91.170867,1000,1914.436243
155.15229,492,1915.52143
-12.737541,386,1916.372663
157.636038,495,1919.971489
-53.339691,290,1920.595902
-47.898317,295,1921.193837
159.046713,416,1922.070203
-75.627416,200,1922.681909
212.06671,334,1923.75253
-74.473857,179,1924.140764
57.365677,1000,1928.114648
-79.916892,185,1928.475077
216.470139,416,1929.266555
232.249481,327,1930.10877
260.347721,293,1930.860726
-64.566276,199,1933.304352
99.494045,1000,1935.290017
249.996298,304,1935.872385
-59.12883,367,1936.491736
179.772836,304,1939.001789
216.294684,299,1939.573819
3.954895,151,1939.892708
-2.263439,168,1940.240213
-42.462572,275,1940.8285
-39.932691,272,1941.616035
7.944895,248,1942.163567
-70.202472,325,1942.759294
-190.368094,399,1945.581589
222.892485,301,1946.195451
239.268142,322,1946.872836
226.447423,365,1947.658758
78.963735,1000,1952.004992
216.2195,319,1952.67825
85.007528,1000,1954.687899
-68.373963,252,1955.195461
136.981105,478,1958.493835
223.893642,530,1959.451746
209.92833,349,1960.134951
-12.987742,271,1960.683693
137.990067,479,1961.61587
240.640981,310,1964.35704
-48.329672,309,1965.13614
-76.807221,241,1965.715784
240.076875,285,1966.295032
178.74675,420,1967.236939
-35.702951,276,1967.819133
-54.615722,309,1968.494601
219.040389,325,1971.268691
195.274609,275,1971.838704
230.449121,242,1972.347234
223.869115,310,1973.166818
-76.08684,197,1973.830777
121.52355,538,1974.909672
-62.155281,211,1975.326051
209.376974,333,1978.168528
6.371778,136,1978.447518
-52.917999,304,1979.04201
222.41421,322,1979.68533
102.319157,1000,1982.112845
84.553982,1000,1986.731072
200.680976,312,1987.497203
-55.090025,316,1988.139638
113.279281,1000,1992.242404
196.3407,372,1992.929156
141.919152,456,1994.002191
-45.050837,318,1994.61755
219.527668,367,1995.322495
257.93001,360,1998.613469
206.888862,292,1999.193954
234.916329,387,2000.140868
-37.407623,226,2000.697791
218.985443,397,2001.570824
-72.191604,234,2002.245984
224.48692,360,2005.442983
189.622811,332,2006.144654
217.65024,265,2006.636939
-53.403652,330,2007.235529
-69.270297,331,2007.892154
218.516187,335,2008.513268
-81.17954,283,2009.073175
202.702189,899,2013.697056
202.239048,366,2014.477456
244.551143,349,2015.184186
219.235488,311,2015.802829
252.928092,377,2018.705657
-63.84046,280,2019.245824
-119.621071,383,2019.945744
-55.104673,296,2020.529163
33.142635,168,2020.991082
226.36003,265,2021.49383
-151.48758,471,2024.318504
-55.74647,228,2024.760531
186.071804,339,2025.387287
-5.701064,276,2025.92155
-188.809386,482,2027.038278
194.138277,312,2027.752694
116.800299,1000,2031.90273
212.599716,324,2032.449892
-55.52119,235,2032.90041
194.63947,523,2033.983427
-74.98274,343,2037.331279
-17.59241,291,2037.958172
189.933695,370,2038.858448
-53.590936,214,2039.252951
-67.97534,369,2040.038783
176.119694,622,2041.142317
210.458001,293,2044.352268
111.493672,533,2045.69085
190.532402,347,2046.451282
181.89206,416,2047.467811
-35.839131,198,2047.905951
-51.195661,378,2048.63377
201.322223,320,2051.491735
219.771543,291,2052.113008
187.565774,332,2052.95184
152.674335,621,2054.152122
208.431172,447,2054.995569
209.408641,372,2057.938392
153.336807,331,2058.521591
64.869534,1000,2060.661371
249.975638,318,2061.308463
149.645548,422,2064.25194
-19.108925,201,2064.639476
205.526497,259,2065.125932
233.42556,292,2065.783038
-105.598395,339,2066.788636
-67.75661,403,2067.974682
161.80472,426,2071.364
233.171471,399,2072.281175
212.047221,278,2072.847693
205.006772,335,2073.631873
-18.401105,362,2074.41683
232.245171,281,2075.071419
87.608314,1000,2079.766038
83.342109,1000,2081.93776
-30.723868,152,2082.275289
2.423787,245,2085.200374
-10.656233,190,2085.679693
229.336083,335,2086.341374
223.9755,277,2086.906232
163.843556,380,2087.705798
242.469375,411,2088.577592
36.052572,1000,2093.247121
-28.502232,308,2093.969164
-77.185252,353,2094.809295
215.074019,402,2095.754294
235.776049,368,2099.082761
109.009434,1000,2101.780329
240.292945,352,2102.497659
223.595857,316,2103.095725
75.061169,1000,2107.401258
231.106752,328,2108.382115
180.831358,394,2109.563299
240.281815,309,2110.212512
218.804815,347,2113.065971
233.797849,425,2114.193543
236.584125,385,2115.275621
207.649054,242,2115.931386
211.031632,307,2116.546368
209.097206,389,2117.462762
66.77617,1000,2121.711085
215.044053,355,2122.40873
230.51986,313,2123.018249
196.507182,250,2123.559589
-18.18088,332,2124.231941
178.56588,499,2127.669154
198.905345,333,2128.344796
-17.865377,142,2128.685392
239.410745,337,2129.58731
-49.335739,279,2130.275972
217.294048,284,2130.91634
157.471544,524,2134.254605
149.201709,429,2135.114258
175.991185,297,2135.654125
176.601296,296,2136.208784
241.188166,317,2136.85224
100.914097,1000,2140.969343
-56.415538,348,2141.747911
247.61597,354,2142.453336
-84.043264,162,2142.736983
-109.964397,310,2143.440689
-0.919056,171,2143.81376
-53.165797,242,2146.147416
-31.259647,182,2146.525196
192.746492,466,2147.573167
246.492159,262,2148.091141
184.60322,459,2148.904316
192.245963,245,2149.562032
-94.296605,354,2152.113855
110.627289,524,2153.00491
8.381556,185,2153.334046
220.021968,331,2153.936063
-27.959653,223,2154.332844
102.339632,791,2158.596901
-38.340122,329,2159.476801
-5.172558,211,2160.030387
220.439404,290,2160.817627
220.840396,273,2161.550425
217.519951,410,2162.642298
-2.266719,245,2163.337426
170.503928,459,2166.837515
226.955975,293,2167.489712
-15.603762,210,2167.954472
-81.614319,135,2168.245199
-85.023077,166,2168.642559
214.343564,337,2169.364062
217.414192,502,2170.543312
208.248194,329,2174.32053
-79.583514,316,2175.030394
251.293806,291,2175.700154
-61.245026,299,2176.382512
-1.389372,145,2176.682622
106.034876,553,2178.057346
193.40158,334,2181.116976
113.901605,1000,2184.324904
54.75453,1000,2186.839963
131.862891,618,2190.833962
258.758783,299,2191.638948
-57.281154,237,2192.224198
222.61244,332,2192.907204
235.784616,341,2193.639046
-54.010884,279,2196.793494
221.287483,436,2198.086473
180.386877,467,2199.148327
-52.836835,197,2199.883262
203.379611,328,2200.970215
-97.659513,456,2202.486269
226.919201,253,2205.689241
198.678783,519,2207.021299
108.469333,1000,2209.378253
-57.94992,321,2210.241446
114.303268,601,2214.701886
179.761681,391,2215.649886
-69.260775,316,2216.392802
206.306629,296,2217.131291
-82.455462,208,2217.611035
3.107276,289,2218.380649
-109.339513,338,2222.809571
192.3723,375,2223.774373
-80.045598,366,2224.738999
-26.37354,240,2225.368128
-32.229048,207,2226.035057
-100.845619,350,2226.889807
215.870898,310,2230.240743
87.079813,655,2231.964171
235.575652,536,2233.494653
222.309441,308,2234.233991
-6.281896,220,2234.812861
260.551262,284,2238.111404
198.968861,396,2238.992276
101.83379,1000,2241.463967
165.281705,399,2242.454844
149.568176,779,2246.851668
241.102771,407,2247.77681
-96.935532,409,2248.74422
-14.0825,137,2249.111133
191.499386,260,2249.722946
-10.614277,250,2250.342092
196.681671,368,2253.821077
1.169533,174,2254.226227
-60.708622,313,2255.032245
186.475891,486,2256.226459
249.652833,323,2257.052664
232.152293,336,2257.877574
204.993167,370,2261.282504
188.584887,743,2263.052312
-45.573554,336,2263.85216
210.55533,325,2264.754521
0.550334,241,2265.217125
212.973734,351,2268.816355
206.309988,342,2269.854105
237.770513,359,2270.675239
194.50335,404,2271.559243
112.596133,1000,2276.644653
248.270329,322,2277.513629
126.957206,1000,2280.05641
246.001126,342,2280.883166
189.882276,465,2284.862666
-59.401399,283,2285.646157
-14.075416,227,2286.212963
178.696186,398,2287.278623
164.505613,303,2287.992805
240.120574,340,2288.851134
244.317888,248,2291.831151
250.99025,413,2292.904926
-88.187514,343,2293.753811
198.497751,318,2294.425457
202.736807,366,2295.188131
-63.964714,187,2295.610021
209.461999,212,2296.107476
57.446388,1000,2301.344457
187.328937,286,2302.254163
-60.054085,246,2302.918777
-28.574906,200,2303.386602
-35.12833,309,2304.024775
241.775698,577,2307.824627
232.969431,332,2308.560302
-15.156372,318,2309.523027
250.045371,314,2310.288044
213.068908,286,2310.94562
68.356992,1000,2315.735948
-58.215558,300,2316.401355
189.763957,407,2317.537709
221.400611,308,2318.355531
-63.258816,369,2321.73056
115.680781,524,2323.00564
-44.294622,177,2323.411409
188.562195,248,2323.997499
-72.035283,279,2324.743611
213.14136,331,2325.589271
-9.248113,199,2326.096167
-8.988425,149,2326.430515
242.072298,335,2329.925893
218.423251,287,2330.597466
163.741366,431,2331.678434
218.446941,250,2332.292288
225.502542,254,2332.930099
-1.489797,163,2333.381203
78.360236,1000,2338.586534
116.616355,529,2340.036123
-47.699274,303,2340.722727
75.39608,1000,2345.723679
211.74899,539,2347.150505
241.44935,343,2347.933893
-19.552884,290,2348.700977
249.407789,333,2349.679831
186.160503,306,2352.858786
-82.106695,359,2354.12453
-72.340832,269,2354.922122
208.175049,293,2355.687903
-12.982523,185,2356.128523
-4.651635,320,2357.055422
240.023509,442,2358.214937
208.579544,280,2361.473705
81.461309,1000,2363.924908
-17.966458,181,2364.386175
190.780714,378,2365.373747
223.024966,230,2365.927418
-73.460159,484,2369.554569
136.239644,1000,2372.16877
190.701498,345,2372.940151
195.074591,399,2376.431244
212.426358,306,2377.104981
247.107273,327,2377.878668
10.429213,315,2378.643313
221.246625,339,2379.398785
217.144347,297,2380.181625
181.706387,337,2383.611148
159.475341,402,2384.619285
222.157052,327,2385.439604
205.000104,261,2386.044008
180.206719,318,2386.875484
14.427324,199,2387.393404
45.252515,1000,2392.261658
174.870032,951,2394.623045
242.355537,684,2398.912868
0.580955,199,2399.311124
224.526232,315,2400.118461
190.192604,386,2401.054456
74.726374,1000,2403.778473
164.058911,504,2407.715375
155.629964,431,2408.77091
210.011951,538,2410.208366
217.024117,308,2411.079019
183.911746,403,2415.236477
165.738175,345,2416.154261
201.622386,382,2417.20714
84.055449,600,2418.926145
255.798706,299,2419.786314
9.268608,300,2420.733068
235.003842,358,2424.437072
184.66438,356,2425.397314
-14.277849,309,2426.151103
200.538029,666,2427.993905
-73.529174,298,2428.713069
-7.186411,265,2432.103786
160.601893,414,2433.168666
-54.965599,456,2434.377274
-18.988748,192,2434.869188
-42.19373,299,2435.723811
123.696205,529,2437.451021
-36.692889,168,2440.686462
-58.211196,274,2441.298362
236.206418,211,2441.7573
251.679452,366,2442.670908
109.695438,537,2444.035321
157.3634,455,2445.203855
232.238882,371,2448.623843
164.072999,348,2449.519306
-118.238889,374,2450.527289
235.327191,415,2451.585811
228.151486,319,2452.371848
-201.996549,535,2455.971798
232.822364,338,2456.811554
174.037484,385,2457.805725
232.14559,281,2458.477502
184.439927,417,2459.464667
-5.79676,256,2459.977746
150.050127,432,2463.496241
181.221979,322,2464.293477
240.499039,295,2464.977713
226.284165,296,2465.678538
-78.692627,332,2466.507934
139.956321,427,2467.486644
228.3443,345,2470.617708
130.137848,501,2472.01307
-35.193027,295,2472.876654
36.033681,1000,2478.121673
56.032953,1000,2480.698719
194.186794,382,2481.726535
137.103609,513,2482.991286
158.750536,358,2486.383125
149.650043,453,2487.38581
98.363984,1000,2489.867294
197.622049,396,2493.381819
128.907896,1000,2495.881185
245.548793,231,2496.460785
167.734578,771,2498.412626
222.424872,968,2503.358792
157.230023,413,2504.470191
246.90626,326,2505.291329
-67.570198,264,2506.147838
-61.759377,261,2509.381657
198.157426,375,2510.315643
192.704912,409,2511.336793
101.085603,1000,2513.751805
191.255454,289,2516.950225
-149.339118,812,2518.861733
201.934645,231,2519.381263
120.645985,1000,2524.291698
-50.722937,269,2524.909177
182.077895,296,2525.831415
-51.170633,284,2526.517508
228.169988,311,2527.311428
-70.544499,267,2528.061701
242.956502,367,2528.954043
137.514736,552,2532.886072
-65.227417,301,2533.694947
56.256816,1000,2536.064788
161.402848,394,2539.762755
236.821616,361,2540.62848
223.103536,316,2541.648128
244.143115,291,2542.366703
197.592784,583,2543.670543
50.578339,1000,2548.592213
252.657179,346,2549.441746
96.281843,1000,2551.652908
40.851959,852,2556.00494
-2.757951,236,2556.481769
228.747288,318,2557.358685
188.567401,412,2558.322152
-64.832022,236,2558.853283
196.968115,363,2562.361293
239.815631,316,2563.175376
-26.469728,176,2563.638994
-24.043228,262,2564.36793
150.293008,413,2565.515837
148.69183,516,2567.16452
218.852121,315,2570.663217
167.286828,439,2571.728406
230.040157,273,2572.658343
182.41574,387,2573.919691
-47.835803,208,2574.49285
236.047788,343,2575.420347
188.498581,446,2579.159831
200.465623,291,2579.82985
-56.066356,343,2580.622079
246.700683,329,2581.516749
65.456297,1000,2586.932914
232.86693,272,2587.666873
-20.603481,282,2588.384179
137.802171,531,2589.999454
250.450424,345,2590.841335
-149.950936,782,2595.366826
152.085734,398,2596.340424
227.576555,330,2597.178777
-79.198077,387,2598.270839
-101.878168,496,2599.558718
-78.032044,393,2603.301782
169.102264,352,2604.20676
160.04019,394,2605.173339
-54.412349,327,2606.063683
-145.890923,622,2607.704447
217.662517,359,2611.031453
2.460327,146,2611.344425
-116.972281,479,2612.596995
197.273814,368,2613.578767
142.704569,497,2614.683906
-85.782744,317,2617.771363
245.505218,292,2618.517758
-42.891606,174,2618.945211
210.470382,252,2619.650578
101.90765,1000,2622.273805
24.70069,1000,2626.868074
11.676221,1000,2629.254928
149.325165,543,2633.259234
190.650592,381,2634.225362
-111.3825,316,2635.014101
156.563838,532,2636.266025
200.376178,316,2636.974094
228.253552,335,2640.426855
129.146958,1000,2643.026828
38.363239,1000,2648.119576
242.660431,342,2648.864493
-196.52855,407,2649.922155
-21.322271,231,2650.513124
134.482145,429,2651.815515
206.394013,318,2652.583437
112.646257,1000,2657.540344
-81.188396,309,2658.262167
-74.52472,171,2658.718251
192.157151,373,2659.477096
-177.266509,492,2663.338725
-88.625383,390,2664.209133
109.408923,1000,2666.656981
179.980347,382,2667.663076
208.976416,263,2670.943976
-57.140221,230,2671.427254
-64.270108,395,2672.309311
218.430277,311,2673.078758
-59.184731,327,2673.994393
243.045735,297,2674.802163
214.431907,302,2675.534343
141.956292,603,2679.668998
231.775982,372,2680.6504
135.139373,496,2681.817462
-44.68395,364,2682.733905
195.978021,309,2683.392698
-58.535629,332,2686.470325
61.571761,1000,2689.055694
194.272436,365,2690.074604
-66.795836,283,2690.731784
215.027019,276,2694.136725
175.812156,527,2695.379537
203.194124,342,2696.280339
234.15662,361,2697.159038
235.324492,352,2698.084357
234.667042,380,2701.605945
-38.481507,282,2702.353989
148.884816,443,2703.535768
-132.499532,348,2704.428448
207.119659,333,2705.335927
213.832821,554,2706.744838
99.831653,1000,2711.946694
179.466572,323,2712.729877
258.961325,346,2713.841761
177.068018,313,2714.952199
213.256352,374,2719.675621
-36.243269,296,2720.64495
-63.092722,298,2721.480277
221.77819,344,2722.941011
208.592823,339,2724.242473
-31.730016,263,2725.086557
220.652936,299,2728.856836
-65.730495,257,2729.627247
224.916192,323,2730.556662
105.051174,1000,2733.537663
-34.325439,249,2734.294804
245.553251,358,2738.062501
-53.970277,265,2738.72003
192.505104,304,2739.492043
-50.934957,290,2740.327919
157.02364,464,2741.68369
197.699937,362,2742.762352
190.608922,320,2746.347573
257.630253,327,2747.122149
185.733746,287,2747.796951
216.457497,310,2748.534898
-51.394018,237,2749.075633
130.550765,562,2750.789535
130.969823,1000,2756.005817
-13.890449,213,2756.660013
57.229617,1000,2759.243686
221.686196,335,2762.493465
-33.423818,308,2763.173507
185.176593,342,2764.121352
156.447541,439,2765.262736
245.190574,327,2766.248274
86.617242,1000,2771.153355
239.586345,299,2771.848457
93.784942,710,2773.725402
138.357855,503,2777.754095
-21.948692,291,2778.464953
-64.616658,199,2778.964322
181.978246,388,2779.776685
218.292945,370,2780.664826
-25.186667,322,2781.448298
219.284574,338,2784.768831
-57.916244,239,2785.540399
136.747277,433,2786.657364
-49.563217,354,2787.612279
112.132667,464,2788.673512
170.17227,417,2789.805095
258.717728,337,2793.42206
238.240617,325,2794.240956
-76.815458,284,2794.953604
190.78829,399,2796.017453
164.129315,367,2797.111551
2.048783,404,2798.237284
152.070421,604,2802.501921
-125.048722,434,2803.683562
227.191528,333,2804.626286
153.09845,662,2806.454351
199.527668,416,2810.675229
104.961016,1000,2813.701988
203.143968,328,2814.581395
206.683598,266,2815.203696
230.728498,243,2818.223552
166.138052,391,2819.308778
126.053107,525,2820.640455
-80.952549,288,2821.35065
177.440112,419,2822.452134
236.784154,341,2825.987976
-89.376593,319,2826.761668
247.036631,331,2827.587011
96.950315,692,2829.245068
119.824835,466,2830.601166
50.412479,1000,2835.487143
191.746861,323,2836.275509
56.071073,1000,2841.968892
-72.267426,272,2842.726306
123.661648,1000,2845.811674
169.919687,392,2846.903075
125.228582,1000,2852.234227
133.275499,722,2854.094285
215.086908,416,2855.033423
197.436105,308,2858.359489
-172.573624,547,2860.052161
245.194742,347,2861.532976
-24.709874,210,2862.389165
11.508942,247,2863.1174
-114.786613,396,2864.097698
150.02029,568,2868.241182
97.080675,1000,2871.217103
178.817225,437,2872.505196
-20.348481,316,2876.270045
146.977896,485,2877.932295
250.832147,352,2878.942025
143.467921,473,2880.458271
197.744051,336,2881.447994
-72.606126,362,2885.482006
237.790173,356,2886.726358
204.800311,314,2887.608391
218.834958,344,2888.463146
107.949982,520,2889.780058
198.767778,287,2890.554838
180.865556,290,2894.269085
179.82411,354,2895.23294
-30.470594,184,2895.693076
-63.525526,285,2896.4905
9.003278,198,2897.087616
106.165994,1000,2902.818258
13.852748,159,2903.280661
121.263915,383,2904.358842
177.606552,377,2905.395576
-67.769555,289,2906.175744
121.236756,1000,2911.831464
230.658905,256,2912.602787
143.757139,449,2914.201734
113.127681,1000,2917.105185
59.308163,1000,2923.306922
244.867117,343,2924.270843
247.837394,326,2925.145442
47.417167,1000,2931.660656
235.642242,343,2932.616761
-88.179511,383,2934.223077
-63.012028,274,2935.355387
235.337282,290,2936.711304
227.763602,247,2937.864436
223.904128,306,2942.50958
-102.210822,441,2943.892629
-83.599497,182,2944.415094
154.443769,380,2945.361621
126.906352,496,2946.722504
227.096103,340,2950.793187
-60.358908,287,2951.365881
-58.641848,326,2952.333454
247.240341,381,2953.548782
-108.577141,383,2954.522267
-43.894868,802,2959.124984
210.202664,357,2959.977252
250.768744,329,2960.759591
149.803831,539,2961.894625
215.132307,456,2962.89761
230.134119,337,2965.877005
148.386089,420,2966.710838
-37.701007,239,2967.211831
208.025441,284,2967.756875
240.593059,351,2968.524591
-82.381479,333,2969.39096
-57.234767,207,2969.879973
242.852037,405,2972.919465
39.009609,1000,2975.917089
186.665062,442,2976.953259
193.127298,325,2980.105873
180.645249,383,2981.042177
68.213092,1000,2983.410256
54.895982,804,2987.240843
227.677713,359,2987.959276
161.987751,401,2988.797562
-41.08746,346,2989.707508
226.93519,339,2990.456519
228.024745,338,2991.447782
46.790514,1000,2996.530198
156.339114,428,2997.505794
179.955561,367,2998.398741
-78.600071,433,3001.831877
-2.962262,173,3002.279522
-84.221175,300,3003.036419
-38.947691,286,3003.681957
225.572299,338,3004.500939
209.235014,404,3005.612843
179.965261,463,3008.980796
203.602456,443,3009.96063
-90.363125,390,3010.770881
-24.550885,372,3011.400557
142.080163,509,3012.331825
120.470896,525,3015.627866
214.110209,307,3016.268955
-90.974652,386,3017.096879
99.793111,616,3018.387159
179.944775,383,3019.230545
241.701308,372,3022.377923
194.23208,401,3023.135944
114.720384,472,3024.089911
232.173495,377,3024.825984
231.580782,267,3025.412661
-64.43813,325,3028.4464
78.362144,592,3029.916158
-88.047692,340,3030.651326
6.742122,268,3031.213686
110.338678,1000,3035.674287
195.072096,301,3036.355634
-80.159327,368,3037.376958
126.1436,478,3038.41275
-97.143822,330,3039.185719
-52.862237,311,3039.942022
168.222372,330,3043.60509
-86.838729,338,3044.242608
205.79234,350,3044.981472
-76.210916,380,3045.914872
129.363613,485,3046.947033
253.276643,377,3050.078465
185.293659,371,3050.850971
229.088306,372,3051.648955
197.176088,769,3053.494473
137.704878,541,3056.932529
205.889591,269,3057.550871
135.781082,567,3058.792214
103.782437,1000,3061.129302
207.195898,231,3063.917079
233.357278,355,3064.66253
154.224759,431,3065.635749
257.282276,346,3066.447036
180.718784,322,3067.147284
-63.541554,209,3067.628238
247.993775,385,3070.657871
204.118938,409,3071.438857
209.04373,366,3072.187107
251.943705,330,3072.829324
242.588114,356,3073.60211
229.82543,357,3074.38296
84.689927,1000,3078.883055
179.529843,414,3079.688489
217.011384,216,3080.136182
-54.20579,225,3080.659472
-25.556987,287,3083.634809
2.651677,323,3084.353041
213.082088,374,3085.160999
188.906143,444,3086.388584
-68.533064,306,3086.955475
170.352542,411,3087.807231
-12.964998,357,3090.709871
168.580975,455,3091.652194
-43.714147,323,3092.363211
243.740461,314,3093.024119
-176.001637,581,3094.415605
122.569135,1000,3098.494221
87.463804,578,3099.700715
199.888898,326,3100.395707
203.353773,429,3103.867651
-77.515729,362,3104.753073
175.061615,417,3105.729406
221.596675,334,3106.528995
207.755676,747,3108.281137
-42.700677,299,3111.395715
217.048702,366,3112.272846
215.323985,250,3112.961476
-22.34786,336,3113.906648
166.428677,487,3115.222386
128.679367,1000,3120.501202
-61.191556,315,3121.188817
219.305222,463,3122.48278
159.074136,577,3124.096122
-78.191602,345,3127.073485
146.7487,417,3128.0376
2.324528,209,3128.602451
-66.431422,385,3129.442791
165.864908,378,3130.309216
-9.34978,262,3130.886727
-9.476324,284,3134.125644
119.771137,1000,3136.519255
232.116865,401,3137.418223
50.775827,1000,3141.98578
-57.134774,332,3142.75405
197.759136,381,3143.697277
189.807529,348,3144.387537
187.711072,466,3148.283355
-55.904469,300,3148.980283
-53.809532,265,3149.600863
159.927696,423,3150.6471
-59.647762,292,3151.326213
-61.551577,288,3152.072031
-45.409664,284,3152.788561
216.499231,342,3156.555636
250.077897,395,3157.605962
-89.652919,262,3158.334826
149.180978,480,3159.372864
-69.196603,305,3160.024059
216.008495,457,3163.233221
193.631722,267,3163.753078
237.631686,351,3164.384303
226.399956,397,3165.270619
203.489178,339,3166.041092
